DT,Velocity X,Velocity Y,Velocity Z,Acceleration X,Acceleration Y,Acceleration Z,Angle X,Angle Y,Angle Z
0.0328968,-0.03078939,0.3169931,-0.3002411,-0.01697816,0.07632256,-1.001964,0.2998717,0.2249579,-0.1884497
0.0289578,0.3749338,0.5859243,-0.3617841,-0.0127211,0.0774362,-1.001292,0.310729,0.241925,-0.1989262
0.025895,0.2405765,0.9787522,0.8196347,-0.01593229,0.07800948,-0.9978945,0.3169587,0.2672697,-0.1777017
0.0309172,-0.2439129,0.8789051,-0.1310816,-0.01662933,0.07717053,-1.000728,0.3094176,0.294443,-0.1817544
0.0279571,0.1763176,0.9725818,-0.2560357,-0.0073956,0.07848789,-1.008942,0.314347,0.3216336,-0.1889124
0.0268998,0.1320712,1.044134,1.384086,-0.01804194,0.07401294,-1.004199,0.3178996,0.3497206,-0.1516808
0.0259307,0.2486762,0.3631925,-0.3786641,-0.01529795,0.07900604,-1.000454,0.324348,0.3591384,-0.1614998
0.025964,0.6211967,1.834495,-0.04994084,-0.008104505,0.08283076,-1.001566,0.3404768,0.4067693,-0.1627965
0.0288825,-0.7351205,1.712681,1.500442,-0.02048581,0.07216351,-1.003139,0.3192446,0.4562358,-0.1194599
0.033949,0.4114252,0.4042505,-0.4331935,-0.006842189,0.07625385,-1.003067,0.3332121,0.4699597,-0.1341664
0.0329167,1.695586,0.5498614,-0.08083704,-0.01521414,0.07306033,-1.005888,0.3890252,0.4880593,-0.1368273
0.0259279,1.154442,0.6166399,-0.6709496,-0.005627111,0.07214519,-0.9902098,0.4189574,0.5040475,-0.1542236
0.0268927,-1.868744,1.136105,0.634609,-0.009894245,0.07807387,-1.003459,0.3687019,0.5346004,-0.1371573
0.0279228,-0.6833021,1.421126,0.8185118,-0.010915,0.07860484,-1.010577,0.3496222,0.5742822,-0.1143022
0.02693,1.974624,2.13976,0.02350889,-0.006904592,0.0789084,-0.9983913,0.4027988,0.631906,-0.1136691
0.0269252,-1.018355,2.009874,1.112696,-0.0135576,0.07181355,-1.00085,0.3753794,0.6860222,-0.08370949
0.0269287,-1.547152,1.372707,0.1771479,-0.001482306,0.08080205,-1.004073,0.3337166,0.7229874,-0.07893913
0.0279236,-0.287374,0.8486612,0.5346014,-0.007025849,0.07616677,-1.008463,0.3256921,0.7466851,-0.06401113
0.0278883,0.8724843,2.100027,0.03240925,-0.003571854,0.07674456,-1.001185,0.3500242,0.8052513,-0.0631073
0.0249669,0.8198544,1.092294,-0.08628053,-0.0007992648,0.07429011,-0.9973682,0.3704934,0.8325225,-0.06526145
0.0239344,-0.2417186,0.5206372,0.58719,-0.002037145,0.07513019,-0.9960292,0.364708,0.8449836,-0.05120741
0.025934,-0.1189937,1.296483,0.7301731,-0.007736578,0.07568667,-1.010191,0.3616221,0.8786066,-0.0322711
0.0249129,1.497823,1.482561,-0.3773353,-9.815674E-05,0.07513152,-0.9949024,0.3989372,0.9155415,-0.04167162
0.0299218,-0.07540876,1.4216,0.4798081,-0.002380173,0.07453047,-0.9978762,0.3966808,0.9580784,-0.0273149
0.0259549,-0.7110558,2.047663,0.7219816,-0.003039125,0.07640675,-1.005103,0.3782254,1.011225,-0.008575937
0.0239099,0.9212399,2.633913,0.1596544,0.003092475,0.08237776,-0.9992263,0.4002522,1.074202,-0.004758616
0.0239752,0.7833301,3.745616,1.011905,0.003278557,0.07421798,-1.0021,0.4190327,1.164004,0.01950201
0.0219392,0.5424433,3.091722,1.504217,0.003745444,0.07738925,-1.001337,0.4309335,1.231834,0.05250332
0.0229273,0.7778299,2.806682,1.557299,0.003149356,0.07568154,-1.001969,0.448767,1.296183,0.08820798
0.0219516,0.9344704,3.424989,0.7961373,0.003805969,0.07350983,-1.005408,0.4692801,1.371367,0.1056845
0.0209336,0.7086155,5.451007,0.2525941,0.01395887,0.07484674,-0.9975525,0.484114,1.485476,0.1109722
0.0239692,-0.2158459,3.965017,1.520752,0.006580177,0.07166823,-1.001954,0.4789403,1.580515,0.1474234
0.0259024,0.1825342,1.672329,1.136228,0.01133848,0.07181317,-1.002141,0.4836684,1.623832,0.1768544
0.0209767,0.7187585,1.091225,0.9613411,0.007092828,0.07327627,-1.004756,0.4987456,1.646722,0.1970202
0.0229364,1.766678,1.795336,0.2205989,0.01119006,0.0753455,-1.001015,0.5392668,1.687901,0.2020799
0.0219616,1.653513,2.127146,0.129038,0.009622874,0.07082155,-1.001065,0.5755806,1.734616,0.2049138
0.022922,0.9872295,1.920578,-0.2744252,0.01361919,0.06935409,-0.9979622,0.5982099,1.77864,0.1986234
0.0219531,-0.6041644,2.428298,0.02048515,0.01689955,0.07107459,-0.9974201,0.5849466,1.831949,0.1990731
0.0239238,-1.173392,1.969595,0.8315708,0.01297486,0.07368667,-1.007379,0.5568746,1.879069,0.2189675
0.0219442,0.4383836,4.40807,0.1627481,0.01206088,0.07548205,-1.002597,0.5664945,1.9758,0.2225388
0.0288955,0.8543513,7.370848,-1.683879,0.01870815,0.06857353,-1.005628,0.5911815,2.188785,0.1738823
0.0309527,-0.2824562,11.11171,-1.977414,0.02763823,0.07668284,-0.9889155,0.5824386,2.532722,0.112676
0.025893,-1.745835,4.451808,0.2114341,0.02245603,0.06857072,-1.002641,0.5372338,2.647993,0.1181507
0.0239373,-0.7501072,0.5308632,0.09847595,0.03256069,0.07594793,-1.00357,0.5192782,2.6607,0.1205079
0.0239376,0.5673257,1.098561,1.213267,0.03209205,0.07693631,-1.005653,0.5328587,2.686997,0.1495506
0.0219067,1.359688,1.775778,1.278193,0.02229352,0.07087079,-0.9998074,0.562645,2.725898,0.1775516
0.029951,-0.7918232,3.562262,0.1150376,0.03416505,0.0702149,-1.003222,0.538929,2.832592,0.1809971
0.0309215,-1.374509,5.539855,0.3832244,0.0304637,0.07543478,-1.00127,0.4964272,3.003892,0.192847
0.0309138,0.06180147,4.455982,0.01937344,0.04013827,0.07489036,-1.004588,0.4983377,3.141644,0.1934459
0.0249309,0.6996943,4.597993,0.8710461,0.03958566,0.07509379,-0.9988323,0.5157817,3.256276,0.2151619
0.0229326,0.5272865,2.325818,0.7819225,0.03668688,0.07522003,-1.001441,0.5278738,3.309613,0.2330934
0.0229642,-0.2424436,3.82648,-0.1390729,0.04156129,0.07377113,-1.000533,0.5223062,3.397485,0.2298997
0.0229136,0.02609704,3.051839,0.7350684,0.04789487,0.07575268,-1.000443,0.5229042,3.467413,0.2467428
0.0239357,1.178331,1.109371,1.426751,0.0362693,0.06926394,-1.005655,0.5511084,3.493967,0.280893
0.0219414,1.55913,3.713164,-0.7568326,0.03753131,0.07142468,-0.9992504,0.5853179,3.575439,0.2642871
0.0249684,-0.1269212,4.979413,-1.443061,0.05082145,0.07074826,-0.9986029,0.5821488,3.699767,0.2282561
0.0259271,-0.6630742,5.396621,-0.08204608,0.05305984,0.07421067,-1.0037,0.5649573,3.839686,0.2261289
0.0229072,0.6484736,3.030173,1.419634,0.04924744,0.07062567,-0.9996036,0.579812,3.909098,0.2586488
0.0219413,0.9779328,0.9203433,1.19991,0.04345052,0.06732969,-1.003619,0.6012691,3.929292,0.2849763
0.0229068,0.918484,2.865461,-0.5565821,0.05434669,0.0722257,-0.9980596,0.6223087,3.994931,0.2722268
0.0229387,-0.147831,7.409599,-0.1009649,0.0543397,0.07430183,-0.9981679,0.6189176,4.164897,0.2699108
0.0239362,-0.2001402,5.896125,0.8020547,0.05703009,0.0721156,-0.9980276,0.614127,4.306028,0.289109
0.0219399,0.3238779,1.879917,1.190663,0.0558382,0.07065835,-1.000013,0.6212329,4.347273,0.315232
0.0229671,0.6587681,0.5300971,0.6692607,0.05354492,0.06845963,-1.001405,0.6363629,4.359447,0.330603
0.0279013,0.4199248,5.344991,-0.7944901,0.05757169,0.07092652,-1.002442,0.6480793,4.50858,0.3084357
0.0259299,-0.1305559,8.838861,-0.5340507,0.0662726,0.07483365,-0.996548,0.644694,4.737771,0.2945878
0.0249651,0.2620829,3.466497,0.803105,0.07022337,0.06790496,-0.9983864,0.6512369,4.824312,0.3146374
0.0239037,0.4170625,0.7481109,1.559518,0.0578367,0.06567828,-1.002475,0.6612062,4.842195,0.3519156
0.0239648,0.7309659,3.825377,-0.9504554,0.05717391,0.06735676,-0.9983039,0.6787237,4.933869,0.3291382
0.0239084,-0.0006518026,11.13957,-3.004981,0.07286507,0.07376599,-0.9967203,0.6787081,5.200199,0.2572939
0.0229797,-1.476504,9.075413,-0.04412222,0.08039957,0.07292715,-0.9939377,0.6447785,5.408749,0.25628
0.0229254,-1.102062,3.822567,1.495947,0.07831115,0.06906582,-1.002202,0.6195133,5.496383,0.2905752
0.0239366,0.2543024,0.9964492,1.238256,0.07563618,0.071139,-1.003692,0.6256005,5.520235,0.3202148
0.0308885,-0.05520293,8.844043,-0.453723,0.07828882,0.07529341,-1.002405,0.6238953,5.793414,0.3062
0.0249662,0.182212,12.06032,-1.4953,0.0899229,0.07628046,-0.9960049,0.6284445,6.094514,0.2688681
0.0239029,0.4097349,8.260159,-0.02032,0.09736188,0.07056209,-0.9938701,0.6382384,6.291955,0.2683823
0.0249334,0.4722695,4.579604,1.721123,0.08790174,0.07214189,-0.9992452,0.6500136,6.40614,0.3112958
0.0219751,0.4517996,6.006215,0.6240821,0.09160663,0.07010587,-1.002646,0.659942,6.538127,0.32501
0.0219067,0.4546632,8.627123,-0.3660642,0.09840267,0.0706058,-0.9997408,0.6699021,6.727119,0.3169908
0.0209462,1.185406,6.802278,0.1511563,0.1022667,0.07035528,-0.9961407,0.6947319,6.869601,0.3201569
0.0268925,1.685041,3.728529,0.7137453,0.1024975,0.06582065,-0.9933499,0.7400469,6.969871,0.3393513
0.0359303,0.4408897,4.336138,-0.4679532,0.09948964,0.06681072,-0.9974248,0.7558882,7.125669,0.3225376
0.0259043,-0.1059271,9.697589,-1.46683,0.111009,0.0720847,-0.9932031,0.7531442,7.376879,0.2845404
0.0229375,0.4278968,7.244335,-0.5618209,0.1171402,0.07017425,-0.9954706,0.7629591,7.543046,0.2716536
0.0229403,1.057446,1.635819,1.015032,0.1144334,0.06831226,-0.9926972,0.7872172,7.580572,0.2949388
0.0229704,0.3327095,0.5109482,1.097284,0.110572,0.06893147,-0.9966624,0.7948596,7.592309,0.3201438
0.0229386,0.291259,0.6439855,0.2734388,0.113267,0.06931788,-0.9978526,0.8015407,7.60708,0.3264161
0.0229407,0.8580911,0.634252,-0.08211874,0.1131432,0.06809246,-0.9972497,0.8212259,7.621631,0.3245323
0.0249312,0.1116032,7.205548,0.5744954,0.1188169,0.06832775,-0.9920308,0.8240083,7.801274,0.3388551
0.025896,-0.5023808,5.640174,1.314539,0.1157831,0.06660999,-0.992815,0.8109987,7.947332,0.3728964
0.0249715,-0.6628031,1.753904,0.3233425,0.1186179,0.06664055,-0.995477,0.7944475,7.991129,0.3809708
0.0249196,-0.3312869,0.4558853,0.03128269,0.1192485,0.06653349,-0.9973087,0.7861919,8.00249,0.3817503
0.0219513,0.3656735,0.3283639,0.1756727,0.1210684,0.06751499,-0.9967895,0.794219,8.009698,0.3856066
0.0239472,0.2256401,4.123602,0.03522413,0.1189967,0.06579337,-0.9963363,0.7996224,8.108447,0.3864501
0.0218963,-0.1354436,7.603546,-0.3931735,0.1257909,0.0677607,-0.9937885,0.7966567,8.274937,0.377841
0.0239614,0.2059842,4.34506,0.4460128,0.1273377,0.06786689,-0.9903367,0.8015924,8.37905,0.3885281
0.022941,0.1982816,0.7780539,0.5529769,0.1240649,0.06798657,-0.9922144,0.8061412,8.396899,0.4012139
0.021916,-0.009984912,0.2064032,-0.06623734,0.1289579,0.06801736,-0.993503,0.8059224,8.401423,0.3997623
0.0278971,0.03680663,1.31623,0.2093429,0.1261829,0.06936902,-0.9967144,0.8069492,8.438142,0.4056023
0.0299401,0.07476526,8.378747,-0.2203686,0.133207,0.06839199,-0.9918551,0.8091877,8.689002,0.3990045
0.0279251,-0.08757675,4.493251,0.269645,0.1354825,0.0669087,-0.9875475,0.8067421,8.814477,0.4065343
0.0269289,-0.3677042,0.5630668,0.3795094,0.1353196,0.06842502,-0.995384,0.7968402,8.829639,0.4167541
0.0269649,0.9607024,0.1726712,0.3606943,0.1331182,0.06522973,-0.9937167,0.8227454,8.834295,0.4264802
0.0259127,1.167199,0.838845,-0.2469626,0.133088,0.06496672,-0.9908996,0.8529907,8.856032,0.4200807
0.022958,-0.2206898,5.981956,-0.4389788,0.1421936,0.0676752,-0.9880734,0.8479242,8.993366,0.4100026
0.0238995,-0.2837726,3.178649,0.4097887,0.1353221,0.06610145,-0.9947871,0.8411422,9.069334,0.4197964
0.0239682,-0.1010429,3.878178,-0.1345662,0.1402791,0.06462932,-0.9903241,0.8387204,9.162287,0.4165711
0.0249309,-0.7156268,8.279151,0.1901444,0.1469405,0.06793567,-0.9872783,0.8208792,9.368693,0.4213116
0.0209455,-0.2263957,4.60763,0.8618206,0.1428349,0.06659563,-0.9905246,0.8161372,9.465202,0.4393629
0.0239347,0.6685677,1.131494,0.1176883,0.144048,0.06684195,-0.9900178,0.8321391,9.492285,0.4421797
0.0209803,-0.2121346,0.4376951,0.1633725,0.1466154,0.0666125,-0.9904785,0.8276885,9.501468,0.4456073
0.0229034,-0.6825137,0.2814428,0.4843582,0.148197,0.06803651,-1.001604,0.8120567,9.507914,0.4567007
0.0229385,-0.4711355,4.767296,-0.4535047,0.1445979,0.07238845,-0.9975726,0.8012495,9.617269,0.446298
0.0219659,0.2129069,5.108445,-0.5726798,0.1568531,0.06885726,-0.9905835,0.8059262,9.72948,0.4337186
0.0269644,-0.8783841,3.010649,1.098216,0.1512112,0.0659982,-0.9867495,0.7822411,9.81066,0.4633313
0.0258942,-1.087502,0.3802047,0.6440243,0.1496783,0.06785837,-0.9921487,0.7540811,9.820505,0.4800078
0.0229402,-0.3310845,0.594224,-0.2090638,0.1470499,0.06579895,-0.9963625,0.746486,9.834137,0.4752118
0.0239639,-0.3723372,6.99137,-1.535193,0.1582878,0.06823455,-0.9877511,0.7375634,10.00168,0.4384226
0.0219489,-0.6187298,6.180762,-1.118186,0.1611063,0.06788822,-0.9888223,0.7239829,10.13734,0.4138797
0.0229703,-0.06833705,1.457017,0.1013873,0.15856,0.06592764,-0.9894797,0.7224132,10.17081,0.4162086
0.0219415,-0.1625389,-0.2894534,0.9291773,0.1604737,0.06848358,-0.9869872,0.7188469,10.16446,0.4365961
0.0279296,-0.5263078,-0.5890213,1.858304,0.1572599,0.06986257,-0.9946166,0.7041473,10.148,0.4884978
0.0269208,1.306069,0.03029711,1.145783,0.1530484,0.07115084,-0.9892657,0.7393077,10.14882,0.5193432
0.028956,0.03686474,0.8887891,-0.4220408,0.1606786,0.06870586,-0.9835511,0.7403752,10.17456,0.5071226
0.0258964,-2.238211,3.480948,0.4339623,0.1611901,0.06688672,-0.9850283,0.6824135,10.2647,0.5183606
0.024962,-1.371433,2.831444,0.6124674,0.160501,0.07253837,-0.9908814,0.6481798,10.33538,0.533649
0.0249286,-0.2248306,0.6172823,0.08295572,0.1630547,0.0709546,-0.9896355,0.6425751,10.35077,0.535717
0.0229476,-0.4627553,3.089411,0.2333308,0.1652999,0.06866952,-0.9933012,0.631956,10.42166,0.5410714
0.025932,0.2470458,3.169619,1.218785,0.1629123,0.06421109,-0.9853936,0.6383624,10.50385,0.572677
0.0229048,0.08274962,-0.06892236,1.021405,0.1625362,0.0650599,-0.9847794,0.6402578,10.50228,0.596072
0.0249723,-0.1740372,-1.25806,0.1637349,0.1624498,0.07009815,-0.9897713,0.6359116,10.47086,0.6001608
0.0279221,0.2946188,-0.9672078,-0.1683312,0.1651367,0.06607419,-0.9886632,0.644138,10.44385,0.5954607
0.0219739,0.4725111,-0.3402846,0.2706279,0.1647374,0.07168156,-0.9876487,0.6545209,10.43638,0.6014074
0.021905,0.2353807,-0.1955937,0.5658016,0.164602,0.07399803,-0.9872667,0.659677,10.43209,0.6138013
0.0229432,-0.1375384,-0.3520658,0.4254961,0.161701,0.07400054,-0.9896309,0.6565214,10.42401,0.6235635
0.0239346,0.5315794,-0.2992067,-0.2590766,0.1626933,0.07291358,-0.9907296,0.6692445,10.41685,0.6173626
0.0209558,1.15185,-0.2694574,-0.7230996,0.1631516,0.07008338,-0.9870661,0.6933824,10.41121,0.6022095
0.0229021,0.6001355,-0.3626205,-0.5865656,0.1637394,0.06946095,-0.984857,0.7071268,10.4029,0.5887759
0.0229723,-0.09140063,-0.3428307,-0.2225158,0.163329,0.06815939,-0.9913675,0.7050271,10.39503,0.5836642
0.0259352,0.241131,-0.3179161,-0.088842,0.1623037,0.06628942,-0.9862446,0.7112809,10.38678,0.5813601
0.024933,-0.6580696,-0.4999708,-0.138736,0.1638674,0.0645702,-0.9836634,0.6948732,10.37431,0.577901
0.0229372,-2.179254,-0.9693598,0.2950659,0.1569094,0.06840175,-0.995489,0.6448872,10.35208,0.584669
0.0248976,0.0395892,-0.7273682,-0.8376334,0.1615737,0.0690525,-0.9983696,0.6458729,10.33397,0.5638139
0.0229719,1.582812,-0.4942165,-0.1318986,0.1666603,0.06384123,-0.982286,0.6822331,10.32262,0.560784
0.0239025,-0.5199625,-0.4523923,1.083647,0.1573338,0.06555105,-0.9887618,0.6698047,10.3118,0.5866858
0.0229725,-0.4326939,-0.3621721,-0.426602,0.1617355,0.07083965,-0.9916136,0.6598646,10.30348,0.5768857
0.0219378,0.3751386,-0.2648532,-0.9384014,0.1671905,0.07157857,-0.9888453,0.6680943,10.29767,0.5562992
0.0249027,0.6157039,-0.3607131,0.6790463,0.1612334,0.07168546,-0.9906332,0.683427,10.28869,0.5732093
0.0259389,0.8756123,-0.128856,0.124905,0.1586348,0.06920377,-0.9863918,0.7061394,10.28535,0.5764492
0.0229662,-0.2950275,0.2438146,-0.49737,0.1666736,0.06898899,-0.9853148,0.6993638,10.29095,0.5650265
0.0249053,-0.8414425,0.01212667,0.6964505,0.1617139,0.07351879,-0.9906147,0.6784074,10.29125,0.5823718
0.0219776,0.841811,-0.1319002,0.136585,0.1554333,0.07291537,-0.9959662,0.6969084,10.28835,0.5853736
0.0288849,2.736058,0.03476961,-1.411489,0.1642517,0.06335926,-0.9848928,0.7759391,10.28935,0.5446029
0.0279553,0.9450862,-0.001249542,-0.6489501,0.1616877,0.06175508,-0.984077,0.8023593,10.28932,0.5264613
0.0268997,-0.5510361,0.2130405,-0.5459394,0.1645464,0.06461474,-0.9899062,0.7875366,10.29505,0.5117757
0.0259683,-0.07892589,0.07571241,0.1366838,0.1604031,0.06655604,-0.9909239,0.785487,10.29702,0.5153251
0.0259381,0.7557343,-0.07316343,-0.3965805,0.1564991,0.0672719,-0.9910891,0.8050893,10.29512,0.5050386
0.0259279,1.479224,0.09620832,-0.9648598,0.1630658,0.06753479,-0.9894138,0.8434424,10.29761,0.4800218
0.0239452,0.8558323,0.1645209,0.004514676,0.1609299,0.06552966,-0.9830796,0.8639355,10.30155,0.4801299
0.0249355,-1.128994,0.2000097,0.3584619,0.1627709,0.06701341,-0.9846405,0.8357835,10.30654,0.4890683
0.0219388,-1.547066,0.1567734,0.2523522,0.1577646,0.0707316,-0.9964432,0.8018427,10.30998,0.4946046
0.028917,0.9886949,-0.04181499,-0.6069787,0.1633061,0.07047065,-0.9901261,0.8304328,10.30877,0.4770526
0.023945,1.097303,-0.1878171,0.1291579,0.1632985,0.06557116,-0.9877084,0.8567077,10.30427,0.4801453
0.0279273,0.777851,-0.4454219,0.6861409,0.1612748,0.06546935,-0.9921466,0.878431,10.29183,0.4993074
0.0229682,1.398112,-0.7537363,0.1745804,0.1588123,0.0607941,-0.9884089,0.9105431,10.27452,0.5033172
0.0239039,1.011407,-0.5343004,0.02345701,0.1611988,0.06371024,-0.9846824,0.9347196,10.26175,0.5038779
0.0229722,-0.8337546,-0.291907,0.293219,0.1604596,0.06590519,-0.9847988,0.9155664,10.25504,0.5106137
0.0219075,-1.47853,-0.01897868,0.2101925,0.1617719,0.0675575,-0.9937196,0.8831756,10.25463,0.5152186
0.0259311,-0.4172192,0.01544257,0.3550971,0.1621159,0.06791307,-0.9918743,0.8723566,10.25503,0.5244266
0.0239621,0.4619297,-0.1853819,0.9296662,0.1601111,0.06530219,-0.9861556,0.8834254,10.25059,0.5467034
0.0219874,-0.06269236,-0.2176777,0.6611671,0.1560991,0.06223229,-0.9862256,0.882047,10.2458,0.5612407
0.0268824,-1.254545,-0.2118594,-0.3615787,0.1588146,0.06361008,-0.9896152,0.8483218,10.2401,0.5515206
0.0239725,-1.113568,-0.2102782,-0.450844,0.1651801,0.06781362,-0.9931861,0.8216268,10.23506,0.5407128
0.0249002,-0.02455725,-0.2182413,0.9224364,0.1603886,0.07083038,-0.9911398,0.8210153,10.22963,0.5636816
0.0219743,0.8675694,-0.1957701,0.9581029,0.1526204,0.06677929,-0.9931009,0.8400795,10.22533,0.5847352
0.0249005,1.570954,-0.04943341,-1.192714,0.1603238,0.06528442,-0.9833338,0.8791971,10.2241,0.5550361
0.02299,-0.3826754,0.09325953,-0.1889243,0.1721576,0.06387147,-0.9830769,0.8703994,10.22624,0.5506927
0.0219234,-1.755721,-0.0547929,2.935385,0.1566485,0.06618769,-0.9931785,0.831908,10.22504,0.6150463
0.0219432,-0.9267777,-0.1665037,2.394247,0.1525883,0.06663754,-0.9901605,0.8115715,10.22139,0.6675838
0.0219058,-0.7912158,-0.2046707,0.6348837,0.1641539,0.0631285,-0.9869794,0.7942393,10.2169,0.6814914
0.0249527,-1.910904,-0.2424456,1.803305,0.1639351,0.07109689,-0.9920753,0.7465571,10.21085,0.7264887
0.0259306,-1.162991,-0.06921597,2.751666,0.155669,0.0715654,-0.9947469,0.7164,10.20906,0.7978411
0.0299224,0.5138357,-0.08608932,0.9788383,0.158534,0.0679923,-0.9878723,0.7317752,10.20648,0.8271303
0.0289234,-0.1057092,-0.2630942,0.4554507,0.1595096,0.06799665,-0.9878604,0.7287177,10.19887,0.8403034
0.0239724,-0.9769965,-0.05124764,0.2918615,0.1588945,0.0676236,-0.9872576,0.7052968,10.19764,0.8473001
0.0239455,-1.133295,0.07493411,0.02058171,0.1603006,0.06815808,-0.993243,0.6781595,10.19944,0.8477929
0.0249205,-0.07745571,-0.03548641,-0.05194085,0.1603593,0.06897708,-0.9878433,0.6762292,10.19855,0.8464985
0.0239609,-0.8159929,-0.04126821,0.4410928,0.1617767,0.06552937,-0.9824564,0.6566773,10.19756,0.8570675
0.0279005,-2.422635,-0.1122652,0.3974448,0.1556648,0.06887068,-0.9934171,0.5890846,10.19443,0.8681564
0.0229728,-1.09437,-0.08067741,-0.753844,0.1611289,0.07377581,-0.9929491,0.5639438,10.19258,0.8508385
0.0249325,-0.00846634,-0.09776887,0.02024773,0.160596,0.07313454,-0.9886698,0.5637327,10.19014,0.8513433
0.0239022,0.08111597,-0.03023292,0.3294585,0.1567233,0.06946383,-0.9900906,0.5656716,10.18942,0.8592181
0.0219415,0.1108315,0.1209567,-0.4670572,0.1587655,0.07006624,-0.9874874,0.5681034,10.19207,0.8489702
0.021942,-0.2437385,0.1464195,-0.2735887,0.1606047,0.06995807,-0.9883239,0.5627553,10.19529,0.8429671
0.0239354,-0.569574,0.201887,0.4030748,0.1576559,0.07372531,-0.9877208,0.5491224,10.20012,0.8526148
0.0209176,-0.5607003,0.2109513,-0.06797018,0.1592984,0.06899432,-0.9911657,0.5373939,10.20453,0.8511931
0.0238995,0.1692493,0.178565,-0.9525727,0.159907,0.07266757,-0.9923587,0.5414388,10.2088,0.8284271
0.0249675,1.063552,0.1445281,-0.979583,0.1629101,0.07118509,-0.9876744,0.567993,10.21241,0.8039693
0.0229668,0.6952409,0.08525247,-0.4203738,0.1582919,0.06958313,-0.9885997,0.5839605,10.21437,0.7943147
0.0249044,0.4565049,0.06623597,-0.9374542,0.1593958,0.06934716,-0.9890783,0.5953295,10.21601,0.770968
0.0229722,0.6690305,0.03987765,-1.053088,0.1606294,0.06923872,-0.9902897,0.6106986,10.21693,0.7467762
0.0249001,0.6983019,0.006571,-0.5486645,0.1632393,0.06810527,-0.9832789,0.6280864,10.2171,0.7331144
0.0249682,-0.8892677,-0.01758963,0.3786392,0.1541846,0.07068957,-0.9925646,0.6058831,10.21666,0.7425684
0.0229743,-0.1056623,-0.08486868,-0.5706533,0.1592992,0.0708304,-0.9918885,0.6034555,10.21471,0.729458
0.0219741,0.8120425,0.007471568,-0.7979807,0.1625532,0.06996514,-0.9880549,0.6212994,10.21487,0.7119231
0.0328794,0.05667421,0.08824111,0.6715995,0.1607502,0.06581208,-0.9889635,0.6231629,10.21777,0.7340049
0.0259644,-0.1009632,0.183836,0.5784042,0.1596395,0.06873622,-0.9888343,0.6205414,10.22254,0.7490228
0.0268906,0.09482019,0.07003199,0.1724739,0.1593978,0.06885885,-0.9890816,0.6230912,10.22443,0.7536607
0.0259565,0.01732509,0.01798514,-0.2388929,0.1597366,0.07153635,-0.987588,0.6235409,10.22489,0.7474599
0.0249614,-0.3540158,0.006856808,-0.4046665,0.1587791,0.07447989,-0.9902761,0.6147041,10.22507,0.7373589
0.0249054,0.3732742,0.02462003,-0.6865415,0.1602775,0.06814414,-0.9911596,0.6240007,10.22568,0.7202603
0.0219417,0.3703094,-0.02199071,0.03700605,0.165435,0.06933912,-0.983734,0.6321259,10.2252,0.7210723
0.0268933,-0.8788668,-0.04498157,1.435642,0.1600246,0.06936137,-0.9907866,0.6084903,10.22399,0.7596814
0.0259324,0.2028809,-0.05303092,0.7452145,0.1566231,0.0694764,-0.992053,0.6137515,10.22261,0.7790066
0.021945,0.5014679,-0.06204439,0.07181524,0.163037,0.06825168,-0.9870802,0.6247562,10.22125,0.7805826
0.0239365,-0.5035747,-0.1563828,0.7331169,0.1602544,0.06947633,-0.9895572,0.6127024,10.21751,0.7981309
0.0228992,-0.5968024,-0.1021773,0.7166232,0.1579584,0.07033529,-0.9917856,0.5990361,10.21517,0.814541
0.0239726,0.1790622,0.08200891,0.270002,0.16099,0.07156229,-0.990637,0.6033287,10.21713,0.8210136
0.0219348,0.644246,0.1079055,0.4330709,0.1591426,0.07166554,-0.9890653,0.6174601,10.2195,0.8305129
0.0229496,0.2883709,0.09673689,0.03460278,0.1582743,0.06785929,-0.9864055,0.6240782,10.22172,0.8313071
0.0219069,-0.5329563,0.03296331,-0.4241468,0.1613317,0.07216119,-0.9886675,0.6124027,10.22244,0.8220153
0.0259299,0.1539023,-0.0202464,-0.3043804,0.1593199,0.07414699,-0.9949297,0.6163934,10.22192,0.8141227
0.0378679,0.8927172,0.06239249,-0.4133113,0.1637197,0.06590021,-0.9818174,0.6501987,10.22428,0.7984715
0.0349032,-1.259348,-0.1194973,0.1578483,0.1570187,0.07120926,-0.9953458,0.6062434,10.22011,0.8039809
0.0259653,1.085556,0.3108614,-0.4516487,0.1619127,0.0728808,-0.9863265,0.6344302,10.22818,0.7922537
0.0249321,0.688901,0.1310156,0.3848476,0.1603718,0.06384491,-0.987143,0.651606,10.23145,0.8018488
0.0248982,-0.3207169,0.1724695,0.6112381,0.1591555,0.06677835,-0.988486,0.6436207,10.23574,0.8170675
0.0239609,-0.7559121,0.06713816,-0.05112338,0.1561285,0.0664108,-0.9903641,0.6255083,10.23735,0.8158426
0.0289401,-0.4682112,-0.1495577,-1.241198,0.1611071,0.06972429,-0.9895451,0.6119582,10.23302,0.7799222
0.0248932,-0.1640916,-0.1325886,-0.6889273,0.1624559,0.07230457,-0.9911044,0.6078734,10.22972,0.7627726
0.0219503,0.1424916,0.08956008,0.05760187,0.1635444,0.07218165,-0.990234,0.6110012,10.23169,0.764037
0.0249231,0.5255796,0.2456039,0.2762296,0.1606945,0.07153004,-0.9859829,0.6241003,10.23781,0.7709215
0.0249086,-0.3467892,0.05577897,0.2680421,0.1605863,0.06945746,-0.9864889,0.6154622,10.2392,0.777598
0.0229384,-1.134213,-0.145374,0.1892047,0.1582142,0.06973173,-0.9926447,0.5894452,10.23586,0.7819381
0.0229748,-0.463708,-0.1890494,-0.4427846,0.1580739,0.07363603,-0.9923743,0.5787916,10.23152,0.7717652
0.0239004,0.4287143,-0.09815346,-0.8816655,0.1651215,0.0698586,-0.9886373,0.5890381,10.22917,0.750693
0.0259293,0.07831398,-0.1841423,0.4490785,0.1603673,0.06665679,-0.9877366,0.5910687,10.2244,0.7623373
0.0279291,-0.3674239,0.04632239,0.4733546,0.1588137,0.06789263,-0.9910566,0.5808069,10.22569,0.7755577
0.0269279,0.06784819,0.2327972,0.08003595,0.1574685,0.06678303,-0.9903452,0.5826339,10.23196,0.7777129
0.0239322,0.2209763,0.05967202,-0.3640791,0.1598734,0.06750751,-0.9874916,0.5879223,10.23339,0.7689997
0.0249349,-0.2067568,-0.02559187,-0.7644154,0.1589137,0.0699603,-0.9898153,0.5827668,10.23275,0.7499391
0.0279521,0.2287813,0.03052679,-0.216405,0.1648677,0.07095292,-0.9881425,0.5891618,10.23361,0.7438901
0.0239403,0.07498054,-0.05988111,0.7513118,0.1565636,0.07274461,-0.9878635,0.5909568,10.23217,0.7618768
0.02291,-0.05605995,0.009046551,-0.2045981,0.159885,0.07375561,-0.9907579,0.5896724,10.23238,0.7571894
0.025933,0.2756299,-0.06710878,-0.3872712,0.1629145,0.0731457,-0.988764,0.5968204,10.23064,0.7471463
0.0269583,0.04093432,-0.1195386,0.07735494,0.1602153,0.07141071,-0.986725,0.5979239,10.22742,0.7492316
0.024969,-0.4526727,-0.1532282,0.2266843,0.1584363,0.07008675,-0.9908009,0.5866211,10.22359,0.7548917
0.0229395,0.05724741,-0.07605316,-0.06329423,0.1600322,0.06814223,-0.9910401,0.5879343,10.22185,0.7534398
0.0269186,0.1432795,-0.07758501,0.2165588,0.1596411,0.06628975,-0.9881157,0.5917912,10.21976,0.7592692
0.0239641,-0.5172582,-0.1471861,0.3628887,0.1595372,0.06654485,-0.9898313,0.5793956,10.21623,0.7679656
0.0229206,-0.2419535,-0.1049382,0.449184,0.1604967,0.06751844,-0.9887097,0.5738499,10.21382,0.7782611
0.0239484,0.093853,-0.002089744,0.5800923,0.1573407,0.06824741,-0.9903366,0.5760975,10.21377,0.7921534
0.0259352,0.3955432,0.05563804,0.2761258,0.159403,0.07094236,-0.9902929,0.586356,10.21522,0.7993148
0.023947,0.8216414,0.0864869,-0.5126042,0.1607051,0.06957844,-0.9862414,0.6060318,10.21729,0.7870395
0.0219448,0.1764628,0.003579034,-0.3640773,0.1630088,0.07019261,-0.9852285,0.6099043,10.21737,0.7790499
0.022905,-0.7378587,-0.101261,0.4698898,0.1621933,0.07290403,-0.9896325,0.5930036,10.21505,0.7898127
0.022935,0.1300702,0.1851821,0.3344117,0.1585109,0.07678925,-0.988915,0.5959868,10.21929,0.7974824
0.0219507,0.2754482,0.2034358,0.1234008,0.1609664,0.07032429,-0.9880717,0.6020331,10.22376,0.8001912
0.0289129,-0.8991991,0.02976916,0.4374502,0.1614801,0.069975,-0.9902743,0.5760346,10.22462,0.8128391
0.0279007,-0.1828686,0.0713639,0.4781376,0.1592996,0.06972925,-0.9915283,0.5709324,10.22661,0.8261794
0.0279517,0.6602627,0.2770003,0.1562548,0.1591577,0.06690206,-0.9887303,0.5893879,10.23435,0.830547
0.0288981,0.2719115,0.2833533,0.2111181,0.1591653,0.06702906,-0.9894648,0.5972456,10.24254,0.8366479
0.0288903,-0.3814496,0.3478318,-0.1398939,0.1626859,0.06458771,-0.9871098,0.5862255,10.25259,0.8326064
0.0259304,-0.5614836,0.2592412,0.01476087,0.1613655,0.06814329,-0.9902883,0.5716659,10.25931,0.8329892
0.0229684,0.1107602,0.2165247,-0.1020441,0.1564935,0.06934886,-0.99132,0.5742099,10.26429,0.8306454
0.0239402,0.5466148,0.2596969,-0.5462936,0.1615441,0.07018526,-0.9851238,0.587296,10.2705,0.817567
0.0219059,-0.4431543,0.1978514,-0.2313931,0.1621601,0.07031416,-0.9857283,0.5775883,10.27484,0.8124981
0.0239377,-1.38584,0.07650367,-0.004945589,0.1584121,0.07374333,-0.9899179,0.5444145,10.27667,0.8123797
0.0279513,-0.2626185,0.09140813,-0.5177079,0.1637965,0.07487992,-0.9919283,0.537074,10.27923,0.7979091
0.022948,0.5760032,0.1274526,0.1859951,0.1610913,0.07093851,-0.9885563,0.5502921,10.28215,0.8021773
0.0239009,0.2514212,0.1223504,0.2747953,0.158632,0.07091532,-0.9867477,0.5563013,10.28507,0.8087451
0.0219616,-0.4202607,0.1645047,-0.212346,0.1604787,0.06995507,-0.9879577,0.5470717,10.28869,0.8040817
0.0229381,-0.6403882,0.07536334,-0.175807,0.1631458,0.06983513,-0.9864551,0.5323824,10.29042,0.800049
0.0219515,-0.6476651,-0.03811654,0.01250099,0.1617334,0.07169501,-0.9917303,0.5181652,10.28958,0.8003234
0.0229409,0.3179011,0.007124637,-0.115045,0.1606387,0.07132471,-0.9918687,0.5254582,10.28974,0.7976842
0.022939,0.8194239,0.2100082,-0.3377583,0.1610955,0.06788165,-0.9878419,0.5442549,10.29456,0.7899364
0.0289223,0.4483137,0.1385047,-0.2680088,0.1608683,0.06776833,-0.9893163,0.5572212,10.29856,0.782185
0.0278911,-0.2292698,0.3805744,-0.5963809,0.1630215,0.07007791,-0.9863324,0.5508266,10.30918,0.7655512
0.0259587,-0.4453597,0.2290282,0.1115568,0.1611352,0.07120973,-0.992599,0.5392656,10.31512,0.7684471
0.0219411,0.5072916,0.2897594,0.04474174,0.1591673,0.07229233,-0.9915122,0.5503961,10.32148,0.7694288
0.0249341,0.5947613,0.405807,-0.3978176,0.1630973,0.07139671,-0.982645,0.565226,10.3316,0.7595096
0.0279248,-1.226981,0.2697499,0.3719943,0.1601414,0.07437611,-0.9920989,0.5309628,10.33913,0.7698974
0.0229378,-0.1990474,0.3246844,0.06819987,0.1615096,0.07280738,-0.9939317,0.526397,10.34658,0.7714618
0.0229059,0.8783611,0.3673033,0.001288108,0.1638863,0.06935418,-0.9870623,0.5465167,10.35499,0.7714913
0.0249321,0.1905803,0.3277956,0.5008712,0.1613216,0.06823913,-0.9863657,0.5512683,10.36317,0.7839791
0.0269293,-0.5355358,0.1833103,0.1148844,0.1603755,0.06800784,-0.9889529,0.5368467,10.3681,0.7870728
0.0229714,-0.3724759,0.3060277,-0.3937725,0.1631752,0.07132138,-0.9896315,0.5282904,10.37513,0.7780274
0.0229042,0.2209034,1.313738,0.05320486,0.1642691,0.07291492,-0.9898523,0.53335,10.40522,0.779246
0.0249684,0.3424354,2.46912,0.5851777,0.1625157,0.0698201,-0.9846242,0.5419,10.46687,0.7938569
0.0249263,-0.7441297,1.046442,0.1703474,0.1624925,0.07017321,-0.9826608,0.5233517,10.49296,0.798103
0.0239381,-2.276815,2.708387,0.3023401,0.1707075,0.07916971,-0.9897308,0.468849,10.55779,0.8053405
0.0219419,-1.730688,3.419404,1.597131,0.1689199,0.08200131,-0.9945136,0.4308745,10.63282,0.8403845
0.025928,0.6950623,1.372302,1.636431,0.164637,0.07071505,-0.9892502,0.4488961,10.6684,0.8828139
0.0269367,1.089409,0.5906522,0.4357576,0.1687538,0.06386279,-0.9840991,0.4782411,10.68431,0.8945518
0.0279027,-0.5859385,0.1381498,0.4385365,0.1674325,0.06154389,-0.9851118,0.4618919,10.68816,0.9067882
0.0239592,-0.6897101,0.1233661,-0.03881865,0.1678556,0.06525131,-0.9915776,0.4453669,10.69112,0.9058581
0.0248973,0.5000364,0.4501073,-0.2750654,0.1679692,0.06732716,-0.9915619,0.4578165,10.70233,0.8990097
0.0209772,0.6037602,4.819048,0.1704486,0.1725082,0.07340908,-0.9850907,0.4704817,10.80342,0.9025853
0.0219444,0.2760119,4.822586,0.9694636,0.1694889,0.07316854,-0.9877032,0.4765386,10.90925,0.9238596
0.0239362,0.02591175,4.27013,0.7708724,0.1753431,0.07576486,-0.9885947,0.4771588,11.01146,0.9423113
0.0239019,-0.4053958,5.214588,0.8059471,0.1778426,0.07989986,-0.9844906,0.4674691,11.1361,0.961575
0.0289604,-0.4248668,3.586117,1.000854,0.1762631,0.07977398,-0.985001,0.4551648,11.23995,0.9905602
0.0259666,-0.1574772,1.76872,0.3520714,0.1761516,0.07684276,-0.9849001,0.4510757,11.28588,0.9997023
0.0258946,0.05322061,0.6928693,0.3068735,0.1859518,0.07030479,-0.9864194,0.4524538,11.30382,1.007649
0.0229738,0.1958244,0.2748289,1.640947,0.1792598,0.06649045,-0.9865271,0.4569526,11.31013,1.045347
0.0249356,0.1517089,0.3523337,0.8770558,0.1730417,0.06475032,-0.9861245,0.4607356,11.31892,1.067217
0.0219315,0.05127346,1.137629,-0.8104141,0.1796194,0.06196045,-0.9843477,0.4618601,11.34387,1.049444
0.023935,0.2598719,5.285614,-0.8726352,0.1875599,0.06432924,-0.9863185,0.4680801,11.47038,1.028557
0.0209223,0.8747345,4.519715,0.1985658,0.1779061,0.06513095,-0.9849595,0.4863816,11.56494,1.032712
0.0259527,0.6492493,3.661621,-0.7633334,0.1823446,0.06890023,-0.9796087,0.5032313,11.65997,1.012901
0.0219436,-0.8438179,4.998728,-0.6190195,0.1940446,0.07041659,-0.9793332,0.484715,11.76966,0.9993174
0.0319257,-0.1459584,3.808916,0.1895113,0.1846839,0.08165091,-0.9861114,0.4800551,11.89126,1.005368
0.0278926,0.3911891,4.253252,-1.142928,0.1941378,0.0768856,-0.9790422,0.4909664,12.0099,0.9734884
0.0279229,-0.2133158,3.211866,0.3340383,0.1958717,0.07470649,-0.9806297,0.48501,12.09958,0.9828157
0.0249334,0.2089822,3.183783,1.139024,0.1927279,0.07544284,-0.9833596,0.4902206,12.17897,1.011215
0.0229385,0.3355022,2.96591,0.4183285,0.1947562,0.06832732,-0.9767649,0.4979165,12.247,1.020811
0.0279533,-0.5779392,0.8838729,0.2786848,0.1988225,0.06604549,-0.9796729,0.4817612,12.27171,1.028602
0.023936,-0.4538407,0.2960978,1.075758,0.1925528,0.06948702,-0.9874479,0.4708981,12.27879,1.054351
0.0239359,1.084284,0.3255051,-0.1318452,0.1936224,0.0662933,-0.9837795,0.4968514,12.28658,1.051195
0.021954,1.391634,0.7069704,-0.8629999,0.1986013,0.0671595,-0.9821195,0.5274034,12.30211,1.032249
0.0279198,0.9553549,4.05015,-0.1475,0.1959719,0.06399812,-0.9858506,0.5540767,12.41518,1.028131
0.023899,1.524465,5.300162,-0.3045704,0.1959201,0.06604719,-0.9819146,0.5905099,12.54185,1.020852
0.0229718,1.130706,4.965829,-0.9873373,0.2011979,0.067976,-0.974605,0.6164842,12.65593,0.9981707
0.0239009,0.3788918,2.261263,-0.2936259,0.2061283,0.0715782,-0.9805264,0.6255401,12.70997,0.9911528
0.0239371,0.4217019,0.9594627,0.6821992,0.2042036,0.07207502,-0.9831206,0.6356344,12.73294,1.007483
0.0249328,0.3603359,6.66552,0.3789077,0.2073548,0.07219977,-0.9813653,0.6446186,12.89913,1.01693
0.0249618,0.2802854,8.434038,-0.1331883,0.2070827,0.07548575,-0.9799975,0.6516151,13.10966,1.013605
0.0239141,-0.04953914,6.942563,-0.4960547,0.2103598,0.06753671,-0.9757223,0.6504304,13.27568,1.001742
0.0249285,-0.3709244,4.773363,-0.7047082,0.2187188,0.06088325,-0.9792212,0.6411838,13.39468,0.9841751
0.0219404,-0.4880684,6.017967,-0.2930782,0.2156928,0.06908245,-0.9842271,0.6304754,13.52671,0.9777449
0.0239733,0.6726072,8.508463,-1.087675,0.2194709,0.07105584,-0.9846578,0.6466,13.73069,0.9516697
0.0209344,2.01292,8.755008,-1.196763,0.2256426,0.06297811,-0.9774064,0.6887393,13.91397,0.9266162
0.0229146,1.116946,7.150234,0.3742287,0.227503,0.06121869,-0.9685703,0.7143337,14.07782,0.9351915
0.0259303,-0.2750788,5.695328,0.8026865,0.2245748,0.06910989,-0.9822801,0.7072008,14.2255,0.9560054
0.0259594,0.8310555,8.732515,-0.8106805,0.2318927,0.06980421,-0.9715221,0.7287745,14.45219,0.9349606
0.0259288,0.2350405,8.877828,-0.4464818,0.2411111,0.06736795,-0.9660333,0.7348688,14.68238,0.9233839
0.0219768,-0.8334639,7.116907,0.5695898,0.2368538,0.0691419,-0.9786983,0.716552,14.83879,0.9359016
0.0249362,0.1551996,9.490917,-0.8097516,0.2408175,0.07206021,-0.9742171,0.720422,15.07545,0.9157095
0.0219386,0.6286752,10.19604,-0.6443631,0.2517734,0.06720231,-0.9705625,0.7342143,15.29914,0.9015731
0.0239018,0.4647513,8.347512,0.8704894,0.2533335,0.06670468,-0.9680954,0.7453227,15.49866,0.9223793
0.0219435,0.6088088,5.153162,1.511079,0.2472618,0.06534691,-0.9700174,0.7586821,15.61174,0.9555377
0.0279553,0.6173697,7.918881,-0.4823043,0.2537141,0.06610331,-0.9691981,0.7759408,15.83311,0.9420547
0.0249194,0.3755108,9.273877,-0.8537704,0.2624596,0.06771228,-0.9665065,0.7852983,16.06421,0.9207792
0.020975,0.2004622,7.325439,0.1031408,0.2633759,0.06567358,-0.9714125,0.789503,16.21786,0.9229426
0.0229343,0.9391979,6.165407,-0.02049832,0.2678689,0.06201089,-0.9683186,0.8110429,16.35926,0.9224725
0.0229409,0.7873582,8.849295,0.08963085,0.267792,0.06453434,-0.9622958,0.8291056,16.56227,0.9245287
0.0239029,-0.2919117,9.478804,0.2137098,0.2738658,0.06809606,-0.9613393,0.8221281,16.78884,0.929637
0.0219751,-0.08421567,3.605728,0.4535957,0.2713396,0.06553577,-0.9635941,0.8202774,16.86808,0.9396048
0.0229012,0.5971991,1.079081,0.2411569,0.2728172,0.06506137,-0.9646826,0.833954,16.89279,0.9451276
0.0209455,0.6822662,6.327139,-0.7897434,0.2708051,0.06374288,-0.9697418,0.8482444,17.02532,0.928586
0.0289595,0.01132158,15.11625,-2.055137,0.2896516,0.07081809,-0.9559801,0.8485723,17.46308,0.8690703
0.0258939,-0.1614268,7.875571,-0.1194103,0.2902226,0.06095823,-0.9599637,0.8443923,17.66701,0.8659783
0.025956,0.7794387,1.346286,0.824009,0.2898881,0.05620296,-0.9611037,0.8646234,17.70195,0.8873663
0.0259417,1.305404,0.3897869,0.9176816,0.2862079,0.0602119,-0.9606305,0.8984878,17.71206,0.9111725
0.0229007,1.291933,0.3145451,0.507414,0.2886006,0.06362128,-0.9576361,0.928074,17.71926,0.9227927
0.0249635,0.6756043,1.264836,0.426625,0.2908269,0.06230381,-0.959947,0.9449394,17.75084,0.9334427
0.021947,0.6291255,2.909554,-0.256143,0.2910793,0.05851639,-0.9593572,0.9587469,17.8147,0.9278212
0.0239348,1.021445,1.48179,-0.445406,0.2930092,0.06279536,-0.9589365,0.9831949,17.85016,0.9171605
0.0229071,0.5123665,3.908997,0.0003924477,0.2966374,0.06506921,-0.9679473,0.9949318,17.93971,0.9171695
0.0279595,1.791092,6.702582,0.7836155,0.2945865,0.06548978,-0.9591438,1.04501,18.12711,0.9390789
0.0238997,1.697601,7.861602,0.5837836,0.2991543,0.06473617,-0.9528419,1.085582,18.315,0.9530312
0.030886,0.9579442,3.702756,1.020076,0.3030629,0.05814911,-0.9510012,1.115169,18.42936,0.9845372
0.0239396,0.5539135,0.8835391,0.5642257,0.294788,0.06216115,-0.9541387,1.12843,18.45051,0.9980446
0.021939,0.2085686,1.148975,-1.222503,0.2994451,0.06256283,-0.9562856,1.133005,18.47572,0.9712241
0.0299543,0.3350773,6.681111,-1.453324,0.3047183,0.05778213,-0.9681444,1.143042,18.67585,0.9276909
0.0298854,0.9470328,11.03211,-0.4277252,0.3118322,0.05622358,-0.9491916,1.171345,19.00555,0.9149081
0.0299213,0.2607118,5.923871,0.8038566,0.3132848,0.0558565,-0.9480733,1.179146,19.1828,0.9389606
0.0269275,0.2096698,1.805755,0.5442404,0.3112481,0.05794962,-0.9521287,1.184791,19.23142,0.9536156
0.0259297,0.2735492,0.3685293,-0.4317748,0.3150079,0.05770922,-0.9501233,1.191885,19.24098,0.9424198
0.0259314,-0.02013217,0.218352,-0.2077886,0.3187945,0.05956546,-0.9512902,1.191363,19.24664,0.9370316
0.0219749,0.0729235,0.08935434,0.4901136,0.3157547,0.06139285,-0.9527855,1.192965,19.2486,0.9478018
0.0229425,0.6474967,0.3055221,0.7088106,0.3141164,0.06269993,-0.9485062,1.20782,19.25561,0.9640636
0.0219034,0.1260837,0.549166,0.4349253,0.314593,0.06245057,-0.947399,1.210582,19.26764,0.97359
0.0229387,-1.293592,0.7249914,0.1516438,0.3190892,0.06216707,-0.9567847,1.180909,19.28427,0.9770685
0.0289558,-1.187806,4.592169,0.2583435,0.3189171,0.06176914,-0.9521316,1.146515,19.41724,0.9845491
0.0249361,0.3618709,1.844055,0.6863359,0.3181571,0.05832228,-0.9483647,1.155538,19.46322,1.001664
0.0248977,-0.8118966,4.412053,0.5890687,0.3220232,0.0572164,-0.944648,1.135324,19.57307,1.01633
0.0219779,-0.7399981,1.354091,1.241724,0.3225885,0.05689827,-0.9515076,1.11906,19.60283,1.043621
0.0219793,0.01940197,0.02789554,1.172939,0.3144019,0.05844307,-0.9507385,1.119487,19.60345,1.069401
0.0229048,-0.3102768,1.024136,-1.420503,0.3225178,0.05587655,-0.9447737,1.11238,19.62691,1.036865
0.0219676,-1.159172,4.020426,-1.486086,0.3318261,0.05508551,-0.9479755,1.086916,19.71523,1.004219
0.0259052,-0.0293646,0.9081816,0.7134532,0.3236394,0.06005668,-0.9484085,1.086155,19.73875,1.022701
0.02593,0.2653649,-0.1069847,0.4453269,0.3216673,0.06285001,-0.9475552,1.093036,19.73598,1.034248
0.0249682,-0.09347013,-0.3178973,-0.3449222,0.3225213,0.06481198,-0.9482668,1.090702,19.72804,1.025636
0.0239351,-0.2366695,0.02348832,-0.3067437,0.3243407,0.06591557,-0.9477467,1.085038,19.72861,1.018294
0.021935,-0.5949202,0.6085325,-0.005976013,0.3260408,0.06432798,-0.9465112,1.071988,19.74195,1.018163
0.0239081,-1.874763,3.662612,0.908603,0.3256717,0.06615996,-0.9468707,1.027166,19.82952,1.039886
0.0209052,-1.89985,2.09921,1.238199,0.323491,0.06493513,-0.9477638,0.9874493,19.8734,1.065771
0.0229051,-1.542041,-0.06662919,0.1550672,0.3196902,0.06759822,-0.9469336,0.9521287,19.87188,1.069323
0.0199795,-1.758075,-0.3868012,-0.98228,0.323645,0.06238517,-0.9497408,0.9170033,19.86415,1.049697
0.0209311,-0.5721124,0.06725816,-0.8254896,0.3322723,0.05880687,-0.9565248,0.9050283,19.86556,1.032419
0.0259323,1.182712,0.03873585,1.265083,0.3259212,0.0552732,-0.9435107,0.9356988,19.86656,1.065225
0.0249309,-0.3559019,-0.2848098,1.131054,0.3194937,0.05918199,-0.94822,0.9268259,19.85946,1.093423
0.0219655,-0.716494,-0.9394376,-0.4099502,0.3248857,0.06117968,-0.9512049,0.9110878,19.83883,1.084419
0.0229141,0.2344666,-0.8535304,-0.9428282,0.3245502,0.06107401,-0.9539064,0.9164603,19.81927,1.062815
0.0219419,1.638866,-0.4024817,-0.5854532,0.3274282,0.05799824,-0.9483767,0.9524202,19.81044,1.049969
0.0229016,1.845501,-0.3272248,0.309307,0.324826,0.05808429,-0.9447304,0.9946851,19.80294,1.057052
0.0209442,1.004965,-0.1913885,0.2472019,0.3212861,0.06124825,-0.9456097,1.015733,19.79893,1.06223
0.0219718,0.113934,-0.03931651,-0.6089808,0.3244533,0.06419718,-0.9462863,1.018237,19.79807,1.048849
0.0249037,-0.4025588,-0.1920481,-0.6136213,0.3259671,0.0679054,-0.952126,1.008211,19.79329,1.033568
0.0289217,0.9817894,-0.4582406,-0.4267079,0.3219089,0.06615375,-0.9485101,1.036606,19.78003,1.021227
0.024935,1.895232,-1.101834,-0.201831,0.3263799,0.06015273,-0.9426134,1.083864,19.75256,1.016194
0.0259581,0.1609886,-0.385879,1.181697,0.3251082,0.05872036,-0.9483999,1.088043,19.74254,1.046869
0.0249047,-0.8088236,-0.5677626,1.343788,0.3225515,0.06238273,-0.9501219,1.0679,19.7284,1.080335
0.0229441,-0.2751678,-0.5658604,0.467302,0.3242922,0.0611868,-0.952683,1.061586,19.71542,1.091057
0.0239001,0.5488114,-0.3837737,0.6153586,0.3254926,0.05714237,-0.9495093,1.074703,19.70625,1.105764
0.021979,0.4121212,-0.4028195,1.67749,0.3278022,0.05494547,-0.9480254,1.083761,19.69739,1.142634
0.024896,-0.1015242,-0.3596869,1.695788,0.3192604,0.0572293,-0.9484814,1.081233,19.68844,1.184852
0.0239042,-0.499516,-0.1447272,0.7215382,0.3225563,0.05846969,-0.9491682,1.069293,19.68498,1.2021
0.0279262,-0.5897915,-0.09843022,0.8875539,0.3226918,0.06153776,-0.9514743,1.052822,19.68223,1.226886
0.0249311,0.3151318,-0.09665575,0.7354199,0.3223263,0.05908883,-0.9506376,1.060679,19.67982,1.245221
0.0229699,0.4548181,0.01101654,0.03437777,0.3203191,0.05708835,-0.9449147,1.071126,19.68007,1.246011
0.0239017,-0.6348733,0.111832,-0.5475935,0.3250852,0.0596855,-0.9466774,1.055951,19.68275,1.232922
0.0219654,-1.081233,-0.005690844,-0.3325029,0.3218386,0.06312505,-0.9520866,1.032202,19.68262,1.225618
0.0249078,0.361991,0.06513416,-0.890784,0.3234123,0.06128949,-0.9503641,1.041218,19.68424,1.203431
0.0239727,0.1283771,0.1694042,-0.6628022,0.3267738,0.0616398,-0.9456628,1.044295,19.6883,1.187542
0.0268952,-1.009483,-0.09559499,0.6312311,0.321448,0.06249663,-0.9496441,1.017145,19.68573,1.204519
0.0339071,-0.3839431,-0.0475657,-0.9790213,0.325078,0.06384187,-0.9475069,1.004127,19.68412,1.171323
0.0349066,-0.5184749,0.1213218,-0.1205129,0.3258533,0.06350432,-0.9512997,0.9860286,19.68835,1.167117
0.0249299,-0.1800073,0.1042031,1.113127,0.3220423,0.05857402,-0.9468447,0.981541,19.69095,1.194867
0.0279228,-1.021122,-0.1973061,0.9973435,0.3237309,0.05881513,-0.945229,0.9530284,19.68544,1.222715
0.0278936,-1.559807,-0.404575,0.7932951,0.321465,0.0647096,-0.9519577,0.9095198,19.67416,1.244843
0.0269284,-0.3412139,-0.1224388,0.2840596,0.3249956,0.06215192,-0.9504614,0.9003314,19.67086,1.252492
0.0299177,-0.04509703,-0.1243557,1.140316,0.3252181,0.05797942,-0.9470553,0.8989822,19.66714,1.286608
0.0229735,-0.5627776,-0.2916314,1.863047,0.3203483,0.06200096,-0.9492933,0.8860533,19.66044,1.329409
0.0248989,-0.4787492,-0.3242036,0.7766203,0.3191192,0.06235683,-0.9485703,0.8741329,19.65237,1.348746
0.0219416,-0.5536427,-0.3876823,-0.01350471,0.3246105,0.0598136,-0.9479081,0.8619851,19.64386,1.348449
0.0229401,-0.6798693,-0.5909608,0.3073985,0.3176587,0.06773647,-0.9507573,0.8463889,19.6303,1.355501
0.0229734,-0.04437469,-0.2467987,-0.8432851,0.3254958,0.06142738,-0.9513184,0.8453695,19.62463,1.336128
0.0238991,0.5396654,-0.2231551,-0.6574104,0.3224043,0.06493679,-0.9487576,0.8582669,19.6193,1.320416
0.0209446,0.4316667,-0.3589292,-0.01697639,0.3250993,0.06397707,-0.9494669,0.867308,19.61178,1.320061
0.0259308,0.4271929,-0.3755206,0.1617841,0.3199745,0.06431963,-0.9494044,0.8783855,19.60205,1.324256
0.0279365,0.3035276,-0.1204684,-0.3919227,0.3238531,0.06248702,-0.9465505,0.886865,19.59868,1.313307
0.0229384,-0.5873756,-0.1745037,0.05710049,0.3215673,0.06078235,-0.9487965,0.8733915,19.59468,1.314617
0.0239378,-0.4744765,0.1672932,0.08874339,0.3221235,0.06070345,-0.9549192,0.8620336,19.59868,1.316741
0.0229754,0.5781965,0.009587587,0.3483194,0.3200071,0.05993386,-0.9507826,0.8753179,19.5989,1.324744
0.0219041,1.037454,-0.04839658,0.1867344,0.3226481,0.05955335,-0.9468306,0.8980424,19.59784,1.328834
0.0239705,0.3045121,0.1799956,0.3210858,0.3228781,0.05893422,-0.9453611,0.9053417,19.60216,1.336531
0.0238999,-0.7325919,0.04933274,0.5731127,0.3187792,0.06237078,-0.9509033,0.8878328,19.60333,1.350228
0.0239648,-0.4855901,0.09330859,0.1058236,0.3214762,0.06361501,-0.9525779,0.8761957,19.60557,1.352764
0.027898,0.0650454,0.1710629,0.3537287,0.3198539,0.06297377,-0.9490474,0.8780104,19.61034,1.362632
0.027924,-0.1813735,0.0758374,-0.06928318,0.3210627,0.06395173,-0.9484131,0.8729457,19.61246,1.360698
0.025932,-0.5760545,0.1326976,-0.9067528,0.3198523,0.06505319,-0.9496459,0.8580075,19.6159,1.337184
0.0249331,-0.03256847,0.02089388,-1.075091,0.3240332,0.06325693,-0.952059,0.8571954,19.61642,1.310378
0.023952,0.7796386,0.07629631,-0.4880672,0.3241408,0.06275932,-0.9505902,0.8758693,19.61825,1.298688
0.0219465,0.374472,0.285361,0.2931507,0.3228658,0.05794776,-0.9438972,0.8840877,19.62451,1.305122
0.0219728,-1.326946,0.2421332,0.474372,0.3170539,0.06039434,-0.948609,0.8549309,19.62983,1.315545
0.0239029,-1.199885,0.3429996,-0.5698531,0.323573,0.06180294,-0.9540359,0.8262502,19.63803,1.301924
0.0279531,0.332871,0.2471162,-0.2133481,0.3242821,0.06032406,-0.9514633,0.835555,19.64494,1.29596
0.0229349,0.3235912,0.1949872,0.2629601,0.3203109,0.06148887,-0.9457425,0.8429765,19.64941,1.301991
0.022939,-0.4910246,0.3835885,-0.3046293,0.3226611,0.06139682,-0.9486564,0.8317129,19.65821,1.295003
0.0219153,-0.6360909,0.3749873,-0.4569177,0.3243527,0.06396478,-0.9481278,0.8177728,19.66643,1.28499
0.0239614,-0.6315965,0.1659451,-0.2040613,0.3253529,0.06630911,-0.9511638,0.8026389,19.6704,1.2801
0.0209457,-0.1219786,0.1391432,0.215238,0.3241345,0.0670386,-0.9515414,0.8000839,19.67332,1.284609
0.0209526,0.5301999,0.3410019,0.4483893,0.3229922,0.06529345,-0.9469094,0.811193,19.68046,1.294003
0.0229053,0.1025103,0.3481139,0.1931179,0.3202898,0.06539207,-0.9452255,0.813541,19.68843,1.298427
0.0229377,-0.9726559,0.439228,-0.3419636,0.3257042,0.06483351,-0.9493311,0.7912305,19.69851,1.290583
0.0269631,-0.1361179,0.07106023,0.327782,0.3224659,0.06350549,-0.9537925,0.7875603,19.70043,1.299421
0.0249352,0.9720773,0.03304762,-0.05499632,0.3205609,0.06235024,-0.9465916,0.8117993,19.70125,1.29805
0.0229016,-0.3457672,0.2438793,-0.23489,0.3267907,0.05846824,-0.9460522,0.8038807,19.70683,1.29267
0.0239372,-1.46586,0.2024383,0.5449336,0.3214515,0.06298822,-0.9501311,0.7687921,19.71168,1.305715
0.0229667,-0.8848039,0.2166242,-0.0749005,0.3216027,0.06484207,-0.953426,0.7484711,19.71666,1.303994
0.0259025,0.5072879,0.2251221,-0.6797208,0.3285338,0.06412669,-0.9512628,0.7616111,19.72249,1.286388
0.0239753,1.002826,0.08759389,0.2955596,0.3245752,0.06419773,-0.9462848,0.7856542,19.72459,1.293474
0.0239235,-0.059625,0.07403163,0.2686932,0.3195931,0.06345197,-0.947699,0.7842277,19.72636,1.299902
0.0279432,-0.5015837,0.2005424,-0.6498659,0.3264469,0.06313016,-0.9497015,0.7702119,19.73196,1.281743
0.0259184,0.3806775,-0.003632884,0.4761668,0.3262001,0.06214835,-0.9490985,0.7800784,19.73187,1.294084
0.0258975,0.1475428,0.1052813,0.6224638,0.3217614,0.06369034,-0.9453419,0.7838994,19.73459,1.310205
0.0259323,-0.7180987,0.1861632,-0.02600777,0.3237474,0.06555563,-0.9491048,0.7652775,19.73942,1.30953
0.0239365,-0.4917943,0.09683359,-0.02173296,0.3246005,0.0673947,-0.9496946,0.7535056,19.74174,1.30901
0.0329488,-0.05550337,0.07157207,-0.1975541,0.3273945,0.06299522,-0.9471168,0.7516769,19.7441,1.302501
0.0299176,-0.3593511,0.03950567,0.3988948,0.3231317,0.06567171,-0.9486212,0.7409259,19.74528,1.314435
0.0288871,0.110235,0.167125,0.1460542,0.3236136,0.06579268,-0.9481242,0.7441103,19.75011,1.318654
0.0279251,0.02818367,0.2496323,0.03326264,0.3236256,0.06347485,-0.9483852,0.7448973,19.75708,1.319582
0.0259559,-0.1062804,0.2157484,-0.03448037,0.322915,0.06397384,-0.9504741,0.7421387,19.76268,1.318687
0.0239475,0.3401944,0.3223308,-0.3544782,0.3254556,0.06397296,-0.9486046,0.7502855,19.7704,1.310199
0.023899,0.09803949,0.238156,0.00417807,0.3249483,0.06273525,-0.9464129,0.7526286,19.77609,1.310298
0.0219742,-0.502488,0.1307178,0.2154471,0.324587,0.062614,-0.9467859,0.7415868,19.77896,1.315033
0.0249,-0.7793054,0.1776556,0.09615176,0.3244872,0.06556382,-0.9498311,0.7221821,19.78338,1.317427
0.0219416,-0.2287334,0.1427474,-0.07416557,0.3226729,0.0669108,-0.9516826,0.7171633,19.78652,1.3158
0.0279254,0.5360514,0.20593,-0.2934803,0.3260548,0.06323502,-0.9473766,0.7321328,19.79227,1.307604
0.0299481,-0.498292,0.194014,0.06867653,0.3236028,0.06541907,-0.9470236,0.7172099,19.79808,1.309661
0.024905,-1.164393,2.681188,-0.01463125,0.3266883,0.06508777,-0.9501754,0.6882107,19.86485,1.309296
0.023971,-0.09306619,1.312735,0.1782005,0.3270353,0.06336474,-0.947854,0.6859798,19.89632,1.313568
0.0248985,-0.5688173,1.841188,0.6544378,0.3260004,0.06454835,-0.9429554,0.6718171,19.94216,1.329862
0.0229379,-0.598383,0.9573441,0.2013071,0.3273131,0.06644564,-0.9519971,0.6580914,19.96412,1.33448
0.0239354,0.8767291,0.08961685,-0.164237,0.3270328,0.06397513,-0.9478499,0.6790763,19.96627,1.330549
0.0239377,0.6529682,-0.119303,-0.1316425,0.3272341,0.05966742,-0.9424837,0.6947069,19.96341,1.327398
0.0299629,-1.249751,-0.3017577,0.3137546,0.3272631,0.0656812,-0.9472225,0.6572607,19.95437,1.336799
0.0269187,0.07023291,-0.1296794,-0.2978048,0.3278022,0.06644864,-0.9521137,0.6591513,19.95088,1.328782
0.0229334,1.218847,0.01194685,-0.272892,0.3304047,0.0617618,-0.9431662,0.6871036,19.95115,1.322524
0.0249671,-0.4155299,0.1410134,0.3755166,0.3277225,0.06358591,-0.9439217,0.676729,19.95468,1.3319
0.0268935,-1.283482,0.1385131,0.1824852,0.3232492,0.06983027,-0.9496942,0.6422117,19.9584,1.336807
0.0259328,-0.1421439,0.1412467,-0.5823438,0.3314177,0.06802984,-0.9487491,0.6385255,19.96206,1.321705
0.0299487,0.4083017,0.1775306,0.4893057,0.3255386,0.0641947,-0.9451699,0.6507536,19.96738,1.336359
0.032876,-0.9308234,0.5193881,-0.2363172,0.3250329,0.06491597,-0.9438227,0.6201519,19.98446,1.32859
0.0309483,-2.659057,3.976763,-0.6213872,0.3325319,0.06559728,-0.9493653,0.5378586,20.10753,1.309359
0.0259366,-1.313836,2.271922,0.7412769,0.3283165,0.07307498,-0.9568422,0.5037822,20.16645,1.328586
0.0259289,1.483371,2.428856,0.5265893,0.3302717,0.06824039,-0.9444715,0.5422443,20.22943,1.342239
0.0249322,1.559389,0.7773276,0.1968416,0.3297496,0.06356729,-0.9397296,0.5811233,20.24881,1.347147
0.0239393,-0.1857813,0.1192375,-0.3228272,0.3310485,0.06582343,-0.9476657,0.5766758,20.25167,1.339419
0.0249303,-0.08358153,0.06182522,-0.2820236,0.3351949,0.06682102,-0.9479761,0.5745921,20.25321,1.332388
0.0229114,0.8999423,-0.05731814,0.487836,0.3332402,0.06668777,-0.947633,0.595211,20.25189,1.343565
0.0279265,0.9271201,0.1343411,0.5089108,0.3290527,0.06370742,-0.9429241,0.6211023,20.25565,1.357777
0.0269268,-0.3115174,0.2404907,-0.1131141,0.3299259,0.06763902,-0.9460733,0.6127141,20.26212,1.354731
0.0219758,-0.3315151,0.3292712,-0.420063,0.3330101,0.06865304,-0.9495835,0.6054288,20.26936,1.3455
0.023907,0.3851596,3.84434,-0.2528837,0.3371355,0.06339679,-0.9457697,0.6146368,20.36127,1.339455
0.0229373,1.316519,2.670395,0.4280151,0.3330531,0.06358854,-0.9406698,0.6448342,20.42252,1.349272
0.0229383,-0.2778954,3.564855,0.6923511,0.3359892,0.06568758,-0.9422131,0.6384598,20.50429,1.365153
0.0219424,-0.9988266,3.794287,0.4271033,0.337751,0.06670709,-0.9474554,0.6165432,20.58755,1.374525
0.021905,-0.3016297,3.714224,0.1028808,0.3410958,0.06357155,-0.9509911,0.609936,20.66891,1.376779
0.0229692,0.3521844,5.227901,0.3222122,0.342533,0.06826174,-0.9392964,0.6180254,20.78899,1.38418
0.0278948,0.1752638,1.876447,0.9448782,0.3375793,0.06655412,-0.9429232,0.6229144,20.84133,1.410537
0.0239641,0.3974268,0.4010572,-0.1524123,0.3379403,0.06740948,-0.9427903,0.6324384,20.85094,1.406884
0.0229374,0.4013694,0.715144,-0.8952547,0.3434353,0.0632776,-0.9418939,0.6416447,20.86734,1.386349
0.0239374,-0.6311615,3.63087,-0.4208926,0.3463958,0.06269914,-0.9446811,0.6265364,20.95426,1.376274
0.0229886,-0.4198887,4.783208,0.4125884,0.3440865,0.06685419,-0.946887,0.6168837,21.06422,1.385759
0.0219049,0.9263461,5.634953,-0.09118483,0.345128,0.06523436,-0.9412469,0.6371752,21.18765,1.383762
0.0239401,0.6417632,5.58866,-0.3526419,0.3527409,0.06167756,-0.933579,0.6525391,21.32144,1.37532
0.0219761,-0.7308556,4.585395,0.4130687,0.3549773,0.06428215,-0.9381917,0.6364777,21.42221,1.384397
0.0388918,-0.01928605,4.7089,-0.8357693,0.3512345,0.06673553,-0.9425106,0.6357276,21.60535,1.351893
0.0259063,0.2869827,6.687215,-1.305228,0.3624962,0.06429048,-0.9343002,0.6431623,21.77859,1.318079
0.0329107,-0.02719043,5.060879,0.5134426,0.3592248,0.06404392,-0.9361804,0.6422675,21.94515,1.334977
0.0309463,-0.5523953,5.189953,0.2325317,0.3589247,0.06719061,-0.9322399,0.6251729,22.10576,1.342173
0.0298918,-0.8300459,5.397645,-0.1301527,0.3684657,0.06614914,-0.9343373,0.6003613,22.2671,1.338282
0.0239711,0.01816356,3.450559,0.5455097,0.3645695,0.06662494,-0.9351169,0.6007967,22.34982,1.351359
0.0278917,0.6587313,3.317353,0.08110846,0.3666031,0.06563134,-0.9311766,0.6191698,22.44234,1.353621
0.0279326,0.1523312,1.59548,0.2242547,0.3675558,0.06660083,-0.9294422,0.6234248,22.48691,1.359885
0.0289339,0.2356009,0.9990761,-0.3075604,0.3658948,0.0689463,-0.9344719,0.6302417,22.51582,1.350986
0.0238883,0.7452885,3.79974,-0.6547988,0.3703341,0.06422292,-0.9371471,0.6480454,22.60658,1.335344
0.023963,0.2575486,9.407732,-0.5977799,0.3727922,0.06710926,-0.9288846,0.654217,22.83202,1.321019
0.021954,0.1838072,8.726879,-0.4412456,0.3763555,0.0659174,-0.9308107,0.6582523,23.02361,1.311332
0.024895,0.2581307,7.474622,-0.3739586,0.3838453,0.060279,-0.9223006,0.6646785,23.20969,1.302023
0.0219435,-0.2095981,5.675911,0.470552,0.3835175,0.06164646,-0.9262177,0.6600791,23.33424,1.312348
0.0219411,0.3434698,2.511736,1.010369,0.3804614,0.06750242,-0.9276854,0.6676152,23.38935,1.334517
0.0279247,1.435715,0.9318328,-0.1548523,0.3826484,0.06616116,-0.9264423,0.7077072,23.41537,1.330193
0.0230006,0.6129347,5.241505,-0.2891613,0.3847389,0.06287678,-0.9268072,0.721805,23.53593,1.323542
0.0238994,0.1777074,8.10332,0.1058566,0.3879772,0.06591799,-0.9229469,0.7260522,23.7296,1.326072
0.0229677,0.3685855,7.387318,-0.01146038,0.3888558,0.06581449,-0.9251433,0.7345178,23.89927,1.325808
0.0278961,1.166682,6.987774,0.01167135,0.3979692,0.05947202,-0.9198053,0.7670636,24.0942,1.326134
0.0229743,0.6212999,6.596482,0.8893552,0.3976489,0.06052616,-0.9133053,0.7813376,24.24575,1.346566
0.0238995,-0.5474216,4.176652,1.238372,0.3954437,0.06621257,-0.9254281,0.7682545,24.34557,1.376163
0.0229688,0.5514439,3.465247,0.2302776,0.3979594,0.06631902,-0.9213517,0.7809204,24.42516,1.381452
0.0279541,0.4911427,4.289038,-0.3332764,0.4015546,0.0600561,-0.9133836,0.7946499,24.54506,1.372136
0.0299094,-0.7666883,4.591236,-0.1862336,0.402584,0.06633396,-0.9204373,0.7717187,24.68238,1.366565
0.0268922,0.4419353,4.131002,-0.04410271,0.4088053,0.0635482,-0.9195227,0.7836034,24.79347,1.365379
0.02593,0.8596161,4.916318,0.3970424,0.4081674,0.06071391,-0.9159953,0.8058932,24.92095,1.375675
0.0219407,0.7493052,5.674153,0.4749075,0.4057282,0.0641294,-0.9172271,0.8223335,25.04544,1.386094
0.0239276,0.7952686,7.165406,-0.5551613,0.412541,0.06182483,-0.9148312,0.8413624,25.21689,1.372811
0.0219123,0.5993667,8.464305,-0.5462694,0.4188501,0.05938616,-0.9109713,0.8544959,25.40237,1.360841
0.0259321,-0.2155989,7.864239,1.015828,0.4177277,0.06083472,-0.9092589,0.848905,25.6063,1.387183
0.0279253,-0.1560813,4.90347,1.609857,0.4183608,0.0614634,-0.9115758,0.8445464,25.74323,1.432139
0.0249665,0.3273056,4.352762,0.3909117,0.4159035,0.06193098,-0.9101316,0.8527181,25.85191,1.441899
0.0239026,0.4628618,6.561363,-0.7553945,0.4259116,0.06332668,-0.9112259,0.8637816,26.00874,1.423843
0.0219416,0.8977576,8.546349,-0.4637698,0.4285699,0.06099868,-0.9081452,0.8834799,26.19626,1.413667
0.0229632,1.3374,9.0489,-0.01326988,0.4327822,0.06073913,-0.9029474,0.9141909,26.40405,1.413362
0.0219742,0.8289577,8.036155,0.3307191,0.4341094,0.05853379,-0.9008627,0.9324065,26.58064,1.420629
0.0219072,0.4116245,5.992387,0.4876716,0.4338963,0.06271204,-0.9051266,0.9414241,26.71192,1.431313
0.0239381,0.7483263,5.81446,-0.07101605,0.4357055,0.06026061,-0.9024249,0.9593376,26.8511,1.429613
0.0299193,0.2152151,7.181439,-1.321886,0.4403927,0.05913886,-0.8957564,0.9657767,27.06597,1.390063
0.0259308,-0.5966316,5.425938,-0.7882778,0.4481331,0.05773938,-0.9003297,0.9503055,27.20667,1.369622
0.0229733,-0.07415609,5.210935,0.58565,0.4469487,0.05812231,-0.9036511,0.9486019,27.32638,1.383077
0.0249302,0.3630208,7.740565,-0.3480721,0.445247,0.05828969,-0.8932516,0.9576521,27.51935,1.374399
0.0219394,-0.3812563,8.390374,-1.548412,0.453161,0.06015295,-0.892652,0.9492875,27.70343,1.340428
0.024902,-0.3908204,6.077406,-0.721878,0.4580829,0.06313821,-0.8975972,0.9395553,27.85477,1.322452
0.0209747,0.566261,5.65444,0.02560108,0.4553812,0.06238064,-0.8956741,0.9514325,27.97338,1.322989
0.0239717,0.712508,6.234286,0.06458239,0.4595529,0.05867013,-0.8855976,0.9685125,28.12282,1.324537
0.0229052,-0.6867317,5.489236,0.1684622,0.4583351,0.06160275,-0.8868179,0.9527828,28.24855,1.328395
0.0279247,-0.7535939,6.675488,-0.1610579,0.4652422,0.06155789,-0.8937211,0.9317389,28.43497,1.323898
0.0249692,0.04940641,7.353351,0.5586238,0.4690637,0.06140403,-0.886321,0.9329726,28.61857,1.337846
0.0229292,0.4314373,4.681413,0.7961322,0.463167,0.06294277,-0.8830726,0.9428651,28.72591,1.356101
0.0229735,-0.05816222,4.123962,0.0226464,0.4669646,0.05599467,-0.8820937,0.9415289,28.82066,1.356621
0.0229409,0.01951528,6.936336,0.1034215,0.4735754,0.05848693,-0.885183,0.9419765,28.97978,1.358994
0.0229368,0.4463583,5.692777,0.7369282,0.4737707,0.05772439,-0.880528,0.9522146,29.11036,1.375897
0.0219422,-0.07853638,4.758338,0.3511895,0.4689209,0.06016713,-0.8840023,0.9504913,29.21476,1.383603
0.0318797,0.1732543,9.986205,-1.306059,0.4861957,0.05752674,-0.8790297,0.9560146,29.53312,1.341966
0.0349149,0.5306008,4.920359,0.8672029,0.4850347,0.06042054,-0.8743659,0.9745405,29.70491,1.372244
0.0298846,0.3179387,0.7530947,0.6680663,0.4851927,0.06129941,-0.8779127,0.984042,29.72742,1.392209
0.0299538,0.1467946,0.1282724,0.8541477,0.4830971,0.06042003,-0.8756152,0.988439,29.73126,1.417794
0.0328785,-0.2365274,-0.0323274,0.4104751,0.4825281,0.06178804,-0.8797804,0.9806623,29.7302,1.43129
0.0239709,0.4348924,0.01082521,-0.307408,0.4842218,0.0590952,-0.877572,0.9910871,29.73046,1.423921
0.0239356,0.4764205,0.3633355,-0.5894707,0.4844516,0.05921017,-0.8763426,1.002491,29.73916,1.409812
0.0239357,-0.258853,0.8985488,0.2895061,0.4868871,0.0560372,-0.874864,0.9962947,29.76066,1.416741
0.0269287,-1.010335,2.640391,1.085704,0.4829113,0.05984218,-0.8806472,0.9690877,29.83177,1.445978
0.0239044,-0.6336856,1.995133,0.5787102,0.4833592,0.06030971,-0.8772064,0.9539398,29.87946,1.459811
0.0219406,0.06303551,0.4068497,-0.2895908,0.4842239,0.05823984,-0.8774552,0.9553229,29.88839,1.453458
0.023936,0.6053342,0.2260901,0.1144667,0.4903308,0.05729371,-0.8778778,0.9698122,29.8938,1.456198
0.0229404,1.17513,-0.1098025,1.237081,0.4873707,0.05640396,-0.8746104,0.9967701,29.89128,1.484577
0.0219407,0.4902289,-0.6167182,1.35477,0.4846641,0.05552105,-0.8721979,1.007526,29.87775,1.514301
0.0238992,-0.860663,-1.286868,0.1563444,0.4771163,0.06136916,-0.875559,0.9869569,29.84699,1.518038
0.0229742,-1.209577,-0.2400741,-1.809278,0.4868971,0.06032631,-0.8772857,0.9591678,29.84147,1.476471
0.0239694,-0.8920647,2.073653,-1.165572,0.4932777,0.05805318,-0.8799205,0.9377856,29.89118,1.448533
0.0259333,0.3979601,2.80896,0.9124912,0.4889669,0.06082305,-0.8771346,0.948106,29.96402,1.472197
0.0229414,0.8304351,3.245809,1.09561,0.4808989,0.0571043,-0.874194,0.9671574,30.03849,1.497332
0.0239362,-0.2101382,1.664569,-0.5335504,0.486341,0.05563271,-0.86948,0.9621274,30.07833,1.48456
0.0248997,-1.427324,-0.02091252,-0.8615818,0.4923544,0.06216802,-0.8751228,0.9265875,30.07781,1.463107
0.0209443,-0.5301057,-0.6254105,-0.1642172,0.4925612,0.06307641,-0.8830816,0.9154848,30.06471,1.459668
0.0239344,1.685425,-0.6987116,0.5150269,0.4894298,0.05958641,-0.8744407,0.9558245,30.04799,1.471995
0.02896,0.9398711,-0.3660368,0.08974403,0.483404,0.05781622,-0.8693781,0.9830431,30.03738,1.474594
0.0278887,-1.328014,0.2549626,-0.9798618,0.4913913,0.05837763,-0.8749155,0.9460065,30.04449,1.447267
0.0299198,-1.445948,0.2825921,0.2077687,0.4907056,0.06182862,-0.8802935,0.9027441,30.05295,1.453483
0.0279251,0.6044111,-0.1630648,0.9662571,0.4817244,0.0634545,-0.873895,0.9196223,30.0484,1.480466
0.0289247,0.3720363,0.1307724,-0.757869,0.4875694,0.05919234,-0.8715243,0.9303833,30.05218,1.458545
0.0239661,-0.9021935,0.4042509,-0.9629586,0.4927408,0.06010173,-0.8762355,0.9087613,30.06187,1.435466
0.024903,-0.3907,0.08903666,-0.2602184,0.4895802,0.06400963,-0.878576,0.8990316,30.06408,1.428986
0.0249571,0.6186712,-0.0144496,-0.1010831,0.4910051,0.05970983,-0.8735627,0.9144719,30.06372,1.426463
0.0229378,0.1643152,0.05945617,0.2001757,0.4884221,0.06213256,-0.8724742,0.9182409,30.06509,1.431055
0.0279289,-0.6274886,0.01582689,0.4514683,0.4892888,0.06532597,-0.8747706,0.9007158,30.06553,1.443664
0.0229726,-0.5783993,0.06939778,0.2108281,0.4871229,0.06447721,-0.8771318,0.8874285,30.06712,1.448507
0.0229422,-0.3511604,0.2811707,-0.1436104,0.4894274,0.05713749,-0.8733545,0.8793721,30.07357,1.445213
0.0278873,-1.903625,1.037544,0.1901111,0.4889361,0.06374143,-0.8753987,0.8262852,30.10251,1.450514
0.0239358,-1.408653,0.4498996,-0.1459916,0.4923995,0.06011485,-0.878446,0.792568,30.11328,1.44702
0.024934,0.3464128,0.4522289,0.4983643,0.4902904,0.05751409,-0.874322,0.8012054,30.12455,1.459446
0.0239716,0.5440649,0.094684,0.9109975,0.4891701,0.05639409,-0.8718918,0.8142475,30.12682,1.481284
0.0268921,0.09049535,-0.2000984,0.1855073,0.4823808,0.05895758,-0.8764921,0.8166811,30.12144,1.486273
0.028947,0.2778289,0.7001903,-1.24797,0.4953837,0.05654065,-0.8713249,0.8247234,30.14171,1.450148
0.0249417,-0.7807947,1.879732,0.279651,0.4908327,0.06175918,-0.8697507,0.8052491,30.18859,1.457123
0.0229324,-0.05304503,2.52492,0.6064604,0.4916544,0.06512086,-0.8790334,0.8040326,30.2465,1.47103
0.0279252,1.538935,3.436308,-0.4822377,0.4905801,0.06358843,-0.8696186,0.8470077,30.34246,1.457564
0.0239328,1.240943,3.391956,-0.8260397,0.4967494,0.06493199,-0.8654892,0.8767069,30.42364,1.437794
0.0229047,0.07510181,0.197732,0.1859063,0.4963196,0.06337396,-0.8701631,0.8784271,30.42816,1.442053
0.0239357,0.01989933,-0.353227,0.3711747,0.4926914,0.0632536,-0.8729048,0.8789034,30.41971,1.450937
0.0219415,0.219742,-0.445612,0.2765115,0.4965857,0.06191996,-0.8716408,0.8837249,30.40993,1.457004
0.0279563,0.2132667,-1.111384,1.123357,0.4912322,0.05847702,-0.8716072,0.889687,30.37886,1.488409
0.0229497,0.1694546,-0.8895263,0.560867,0.4897896,0.05701458,-0.8729832,0.8935759,30.35845,1.501281
0.0249235,0.133642,-0.5615014,-0.61488,0.494166,0.05776008,-0.8719442,0.8969067,30.34445,1.485956
0.0209568,0.002077657,-0.400006,-0.1287467,0.4984416,0.05900729,-0.8729867,0.8969502,30.33607,1.483258
0.0229282,0.1496008,-0.4123972,0.9475337,0.491845,0.05738023,-0.8714847,0.9003803,30.32661,1.504983
0.0298945,-0.913876,-0.4082069,-0.03469151,0.4925938,0.05788328,-0.8731883,0.8730605,30.31441,1.503946
0.0288955,-0.100359,-0.4958811,-0.168735,0.4945837,0.06146422,-0.8779198,0.8701605,30.30008,1.49907
0.0259551,1.315141,-0.3344109,0.3133725,0.4923318,0.05933974,-0.8720782,0.9042951,30.2914,1.507204
0.0359147,-0.06314398,-0.5253318,0.1318617,0.4916069,0.05762739,-0.8720988,0.9020274,30.27254,1.51194
0.0259311,-0.04982815,-0.8656634,-0.1402895,0.491645,0.05899648,-0.8760114,0.9007353,30.25009,1.508302
0.0278891,0.8147289,-0.6629481,-0.5000588,0.4916176,0.05971419,-0.8738004,0.9234573,30.2316,1.494355
0.0259289,0.4841464,-0.8553928,-0.428149,0.4947744,0.05776198,-0.8718141,0.9360107,30.20942,1.483254
0.0239362,-0.002718832,-0.7015353,0.3611729,0.4945477,0.05789363,-0.8734095,0.9359456,30.19263,1.491899
0.0289563,0.8272343,-1.000304,0.532877,0.4894777,0.05986009,-0.8788511,0.9598992,30.16366,1.507329
0.0249256,1.794869,-0.4019216,0.1085723,0.4927091,0.06020494,-0.8734159,1.004637,30.15364,1.510035
0.0249099,1.234164,-0.2505428,0.4541754,0.490491,0.05846802,-0.8707582,1.03538,30.1474,1.521349
0.0309511,0.1023009,-0.5364962,-0.2792577,0.4895506,0.0575059,-0.8735956,1.038547,30.1308,1.512705
0.0259275,0.2757197,-0.6477395,-0.7459607,0.4901915,0.05618135,-0.8759259,1.045695,30.114,1.493365
0.0259244,0.4002677,-0.4945797,-0.2055959,0.4911554,0.05471012,-0.8743308,1.056072,30.10118,1.488035
0.0239365,-0.07833756,-0.4852946,0.1978676,0.4891922,0.05665218,-0.8739736,1.054197,30.08957,1.492771
0.0269012,-0.223127,-0.2501653,0.0005967421,0.4909248,0.05679747,-0.8762804,1.048195,30.08284,1.492787
0.0219791,0.08143905,-0.2055011,0.1650028,0.4896911,0.05592682,-0.874708,1.049984,30.07832,1.496414
0.0229265,-0.0412179,-0.3463462,0.2136797,0.4890663,0.054936,-0.8730063,1.049039,30.07038,1.501312
0.0239432,-0.3039367,-0.4375377,-0.1055667,0.4887232,0.05874173,-0.8764164,1.041762,30.05991,1.498785
0.0259324,-0.09951313,-0.327543,-0.1491776,0.4920301,0.05827549,-0.8774826,1.039182,30.05141,1.494916
0.0219084,0.2446554,-0.5162666,0.2726016,0.4888439,0.05702827,-0.8756914,1.044542,30.0401,1.500889
0.0238963,0.309986,-0.5980368,0.005720263,0.4855192,0.05956408,-0.873753,1.051949,30.02581,1.501025
0.0209721,-0.1174346,-0.4801865,-0.6980907,0.4896688,0.05909509,-0.8738284,1.049486,30.01574,1.486385
0.0239315,-0.3342257,-0.5698856,-0.5269897,0.4886182,0.05960803,-0.8782504,1.041488,30.0021,1.473773
0.0209227,0.1695277,-0.3857701,-0.381103,0.490419,0.05788578,-0.8750533,1.045035,29.99403,1.4658
0.0219397,-0.01370332,-0.1790818,0.1505564,0.4887949,0.0573658,-0.8713994,1.044734,29.9901,1.469103
0.0209958,-1.093596,-0.3439482,0.4184411,0.4872355,0.0566402,-0.8735072,1.021773,29.98288,1.477888
0.0269282,-1.0709,-0.7664865,-0.2330194,0.4876913,0.05730798,-0.8818322,0.9929358,29.96224,1.471613
0.0239366,0.3427732,-0.4761831,-0.3765786,0.4883976,0.05754064,-0.8796157,1.001141,29.95084,1.462599
0.0258975,0.9143786,-0.1799011,-0.3856738,0.4881916,0.05406288,-0.8708166,1.024821,29.94618,1.452611
0.0239383,-0.5860448,-0.29683,-0.2300567,0.4867523,0.05382614,-0.8729196,1.010792,29.93908,1.447104
0.0229387,-1.087137,-0.6511371,-0.4960498,0.4885288,0.05828103,-0.8807122,0.9858544,29.92414,1.435726
0.0239348,0.07882141,-0.3316499,-0.2579557,0.4893672,0.05803084,-0.8792328,0.9877409,29.9162,1.429551
0.0229413,0.2613886,-0.2115279,0.3643264,0.4863618,0.05858225,-0.8724012,0.9937375,29.91135,1.43791
0.0239021,-0.7349327,-0.3679348,0.06825509,0.4853185,0.06203651,-0.878519,0.9761711,29.90256,1.439541
0.0249576,-0.2047815,-0.2024445,-0.3911386,0.488016,0.06279162,-0.8800744,0.9710602,29.8975,1.429779
0.0259435,0.9761198,-0.10759,0.1268891,0.487227,0.06079575,-0.8742141,0.9963842,29.89471,1.433071
0.0239358,-0.09422782,-0.1482143,0.2187518,0.4849983,0.05966429,-0.8708168,0.9941288,29.89116,1.438307
0.021941,-1.459369,-0.3521182,-0.3001179,0.4865117,0.06043527,-0.8755736,0.9621087,29.88344,1.431722
0.0239362,-1.045554,-0.2459465,0.01808513,0.4862041,0.06120301,-0.881088,0.9370821,29.87755,1.432155
0.0219751,0.003814805,-0.08221682,0.2584559,0.4862939,0.05971566,-0.877665,0.9371659,29.87575,1.437835
0.0219724,-0.242134,-0.1814211,0.1966278,0.4865041,0.05724896,-0.873757,0.9318457,29.87176,1.442155
0.0219273,-1.042754,-0.6967592,0.3260293,0.4860553,0.05702559,-0.8771962,0.9089808,29.85648,1.449304
0.0229463,-1.009389,-0.4204144,0.1333277,0.4846391,0.05680278,-0.8813826,0.8858191,29.84683,1.452363
0.0269617,0.6737822,-0.1774546,-0.4635578,0.4847333,0.05727606,-0.8790492,0.9039854,29.84205,1.439865
0.023925,1.222333,-0.1561579,-0.5786937,0.4864032,0.0550584,-0.8748766,0.9332297,29.83831,1.42602
0.0229361,0.2453874,-0.2058242,-0.2629839,0.485672,0.05799237,-0.8759685,0.938858,29.83359,1.419988
0.0239085,-0.1355676,-0.3385291,-0.2995698,0.4849844,0.06021848,-0.880742,0.9356167,29.8255,1.412826
0.0229753,0.8734294,-0.2132135,-0.3706833,0.4863293,0.05936993,-0.8807315,0.955684,29.8206,1.404309
0.0279238,1.055342,-0.1640912,0.2721958,0.4881999,0.06079846,-0.8739571,0.9851532,29.81602,1.41191
0.0248987,-0.13957,-0.4125817,0.8498253,0.4802986,0.06187982,-0.8767425,0.9816781,29.80575,1.43307
0.0259302,-0.2230039,-0.623578,-0.4227659,0.4822558,0.06140269,-0.8770897,0.9758955,29.78958,1.422107
0.0249596,-0.1009343,-0.5107415,-1.254338,0.4902042,0.0604721,-0.8785928,0.9733763,29.77683,1.3908
0.0308891,0.9347656,-0.6730175,0.2307941,0.4856027,0.0604711,-0.8815907,1.00225,29.75604,1.397929
0.0289239,1.446543,-0.4652777,-0.02874788,0.4833165,0.05636796,-0.8719633,1.04409,29.74258,1.397097
0.0289588,-0.6169793,-0.1878526,-0.01603318,0.4849578,0.05567456,-0.8767286,1.026223,29.73714,1.396633
0.0279263,-0.5687799,-0.550189,-0.08375212,0.480257,0.05813424,-0.8826525,1.010339,29.72178,1.394294
0.0239271,0.7522898,-0.4378296,-0.9719678,0.4833571,0.05981893,-0.8768421,1.028339,29.7113,1.371037
0.0239448,0.3746247,-0.8847812,-0.6036674,0.4823738,0.05834145,-0.8756384,1.03731,29.69012,1.356583
0.023936,-0.1908304,-0.68349,-0.8923743,0.4809656,0.06118288,-0.8816423,1.032742,29.67376,1.335223
0.028957,0.5942494,-0.3041687,-0.805445,0.4881174,0.06216783,-0.8779936,1.049949,29.66495,1.3119
0.0269627,0.2657706,-0.492138,0.5129016,0.4819025,0.05896114,-0.877356,1.057115,29.65168,1.325729
0.0259302,-0.3348748,-0.7043316,-0.328168,0.4811661,0.05809841,-0.8766354,1.048432,29.63342,1.317219
0.0269033,-1.133313,-0.8813714,-1.284017,0.481207,0.06044822,-0.8811541,1.017942,29.6097,1.282675
0.0229717,-0.554867,-0.5333495,-1.491876,0.4850893,0.06106537,-0.8795091,1.005196,29.59745,1.248404
0.0249002,-0.1586152,-0.4152654,-0.5201358,0.4832768,0.0582527,-0.8800408,1.001246,29.58711,1.235453
0.0209821,0.05072064,-0.5143653,0.2240812,0.4828894,0.05921703,-0.8784454,1.002311,29.57632,1.240154
0.0258966,0.4015569,-0.4247655,-0.227302,0.4792562,0.05762517,-0.8802167,1.01271,29.56532,1.234268
0.0279628,0.2243792,-0.2986521,-0.7429683,0.479724,0.05786002,-0.8784932,1.018984,29.55697,1.213493
0.0249299,-0.3351466,-0.221173,-0.7671224,0.4834991,0.06056588,-0.878919,1.010629,29.55146,1.194368
0.0249356,-0.4745575,-0.2565133,0.1993474,0.483543,0.06218323,-0.8834426,0.9987953,29.54506,1.199339
0.0239359,0.7583655,-0.1730435,0.6330713,0.4795195,0.06094204,-0.8831324,1.016948,29.54092,1.214492
0.0239357,1.664125,-0.1457679,0.02285822,0.4812676,0.06114597,-0.8758777,1.05678,29.53743,1.215039
0.0229383,0.6639268,-0.5060608,-0.07878904,0.4785218,0.06067958,-0.8810626,1.072009,29.52582,1.213232
0.0219438,1.10316,-0.5440929,-0.6204377,0.4801333,0.06094721,-0.8834927,1.096216,29.51388,1.199617
0.0239451,1.556544,-0.5222981,-0.5235172,0.4829043,0.0548206,-0.8782304,1.133488,29.50137,1.187082
0.0269287,0.5306914,-0.1425284,0.4894106,0.4837281,0.0561525,-0.8760048,1.147779,29.49754,1.200261
0.0238987,-0.626873,-0.2354107,1.270182,0.4769248,0.05882987,-0.8793787,1.132797,29.49191,1.230616
0.0229383,-0.6315299,-0.2565612,0.544575,0.4775824,0.05910626,-0.8837816,1.118311,29.48602,1.243108
0.0239035,0.5993221,-0.1478622,-0.5267584,0.4813247,0.05677497,-0.8794619,1.132637,29.48249,1.230517
0.0219733,0.4485994,0.01361763,-0.5418087,0.4818984,0.05626641,-0.8760263,1.142494,29.48279,1.218611
0.0229409,-0.8591372,-0.03407608,-0.03449835,0.481053,0.05724661,-0.877133,1.122785,29.48201,1.21782
0.0219085,-1.008367,-0.4082968,-0.09203755,0.4775985,0.05985021,-0.8854923,1.100693,29.47306,1.215804
0.022938,0.5716738,-0.5466253,-0.8741654,0.4807414,0.05764483,-0.8821597,1.113806,29.46052,1.195752
0.0239352,0.8056203,-0.02723534,-0.2226521,0.4864113,0.0567765,-0.876213,1.133089,29.45987,1.190423
0.0259708,-0.5555093,-0.07131151,0.8785055,0.4751065,0.05846121,-0.8802614,1.118662,29.45802,1.213238
0.0239271,-0.3682925,-0.08086127,-0.5657296,0.4775862,0.0584967,-0.8839083,1.109849,29.45609,1.199702
0.0229495,0.7632708,0.02739276,-1.468992,0.480005,0.06082049,-0.8828822,1.127366,29.45671,1.165989
0.0239023,1.385693,0.005301801,-1.072975,0.4818211,0.05837317,-0.8807932,1.160487,29.45684,1.140343
0.0269652,1.006976,0.2234773,0.04374791,0.485413,0.05969545,-0.8752244,1.187641,29.46287,1.141522
0.0238992,-0.3828851,-0.1263027,1.568994,0.478775,0.05701507,-0.8805945,1.17849,29.45985,1.17902
0.0219408,0.0753165,-0.1773515,0.504648,0.4732134,0.0565296,-0.8848332,1.180143,29.45596,1.190093
0.0258968,1.045636,0.2285711,-1.105156,0.4839863,0.05971106,-0.8785512,1.207221,29.46187,1.161473
0.0269282,0.7561381,0.1072917,0.4686386,0.4798644,0.05701505,-0.8798458,1.227583,29.46476,1.174092
0.0229142,0.5358822,0.2258655,0.4058112,0.4791378,0.0550569,-0.879623,1.239862,29.46994,1.183391
0.0229647,0.1852661,0.06382816,0.1831506,0.480359,0.05396201,-0.8793705,1.244117,29.4714,1.187597
0.0259394,0.3169674,-0.03450717,0.0967878,0.477852,0.05508453,-0.8846641,1.252339,29.47051,1.190108
0.0239354,1.518423,0.04294567,-0.3120039,0.4820551,0.05641036,-0.8792104,1.288683,29.47154,1.18264
0.0219487,1.682199,-0.1228296,-0.05391698,0.4779396,0.05347347,-0.8809968,1.325605,29.46884,1.181456
0.0249214,1.232829,-0.094126,-0.2437813,0.4801984,0.05442763,-0.8760597,1.356328,29.4665,1.175381
0.0259057,-0.2899002,0.2382857,-0.1896053,0.481539,0.05602391,-0.8765226,1.348818,29.47267,1.170469
0.0259679,-1.146483,0.1265554,0.1152076,0.4756658,0.05862892,-0.88675,1.319047,29.47595,1.173461
0.0249091,0.4421065,0.2357861,-0.6442975,0.4818219,0.05714994,-0.8804339,1.330059,29.48183,1.157412
0.0269492,0.3104141,-0.08824431,-0.1008697,0.4802132,0.05651689,-0.8781289,1.338424,29.47945,1.154693
0.0269072,-0.7067794,-0.344862,-0.08697932,0.4761108,0.05774868,-0.8825831,1.319407,29.47017,1.152353
0.0289518,0.1542506,-0.186495,-1.066918,0.4827949,0.05543946,-0.8795758,1.323873,29.46477,1.121464
0.0278954,0.1747063,-0.1428392,-0.2692862,0.4819403,0.05262049,-0.8785024,1.328746,29.46078,1.113952
0.0289233,-1.043284,-0.1969631,0.8163319,0.479638,0.05298622,-0.8799989,1.298571,29.45509,1.137563
0.0369027,-0.7194881,-0.2341853,0.7072186,0.4813819,0.05338304,-0.8834071,1.27202,29.44645,1.163661
0.0289424,-0.3719083,-0.193649,1.322146,0.4807451,0.054343,-0.8813245,1.261256,29.44084,1.201927
0.0289015,-0.3461579,-0.2712114,1.820539,0.4779144,0.05296876,-0.878549,1.251252,29.433,1.254544
0.0269291,-0.3874873,0.1916571,0.8473937,0.4701163,0.06346211,-0.8829843,1.240817,29.43816,1.277363
0.0239689,1.89716,-0.1052689,-1.497341,0.4766243,0.05984667,-0.8856268,1.28629,29.43564,1.241474
0.0249028,3.502498,-0.3441511,-2.234295,0.4830383,0.05115718,-0.8780089,1.373512,29.42707,1.185833
0.0289229,1.364663,-0.2364403,-1.700977,0.4766845,0.05454786,-0.8781854,1.412982,29.42023,1.136636
0.0279238,1.14665,-0.006146341,-2.714714,0.4780718,0.05702902,-0.883177,1.445001,29.42006,1.060831
0.0249358,0.8696755,0.1216551,-2.180725,0.4888138,0.05774433,-0.8732352,1.466687,29.42309,1.006453
0.0289561,-1.099965,-0.2148674,0.1942783,0.4742028,0.05580805,-0.8858067,1.434836,29.41687,1.012078
